ra_game_id,title,category,achievements,ra_hashes,status,local_roms,local_releases,dat_entries,dat_games,nointro_db_files,nointro_db_titles
520,Metal Gear Solid: Ghost Babel,Official,106,2,local,2,"Metal Gear Solid (Europe) (En,Fr,De,Es,It),Metal Gear Solid (USA)",10,"Metal Gear Solid (Europe) (En,Fr,De,Es,It),Metal Gear Solid (USA)",0,
537,Rayman,Official,34,2,local,2,"Rayman (USA) (En,Fr,De,Es,It,Nl),Rayman (Europe) (En,Fr,De,Es,It,Nl)",10,"Rayman (USA) (En,Fr,De,Es,It,Nl),Rayman (Europe) (En,Fr,De,Es,It,Nl)",0,
576,Pokémon Gold Version,Official,72,1,local,1,"Pokemon - Gold Version (USA, Europe) (SGB Enhanced) (GB Compatible)",5,"Pokemon - Gold Version (USA, Europe) (SGB Enhanced) (GB Compatible)",0,
577,Yu-Gi-Oh! Dark Duel Stories,Official,41,9,local,3,"Yu-Gi-Oh! - Dark Duel Stories (Europe),Yu-Gi-Oh! - Das Dunkle Duell (Germany),Yu-Gi-Oh! - Dark Duel Stories (USA)",45,"Yu-Gi-Oh! - Dark Duel Stories (Europe),Yu-Gi-Oh! Duel Monsters - Dark Duel Stories (World) (Early Days Collection),Yu-Gi-Oh! - Racconti Oscuri (World) (It) (Early Days Collection),Yu-Gi-Oh! - Duelo en las Tinieblas (World) (Es) (Early Days Collection),Yu-Gi-Oh! - Duel des Tenebres (World) (Fr) (Early Days Collection),Yu-Gi-Oh! - Das Dunkle Duell (Germany),Yu-Gi-Oh! - Dark Duel Stories (USA),Yu-Gi-Oh! - Das Dunkle Duell (World) (De) (Early Days Collection),Yu-Gi-Oh! Duel Monsters III - Tri Holy God Advent (World) (Ja) (Early Days Collection)",0,
597,Yu-Gi-Oh! Monster Capsule GB,Official,73,2,local,1,Yu-Gi-Oh! - Monster Capsule GB (Japan) (SGB Enhanced) (GB Compatible),5,Yu-Gi-Oh! - Monster Capsule GB (Japan) (SGB Enhanced) (GB Compatible),0,
676,The Legend of Zelda: Oracle of Seasons,Official,59,2,local,2,"Legend of Zelda, The - Oracle of Seasons (Europe) (En,Fr,De,Es,It),Legend of Zelda, The - Oracle of Seasons (USA, Australia)",10,"Legend of Zelda, The - Oracle of Seasons (Europe) (En,Fr,De,Es,It),Legend of Zelda, The - Oracle of Seasons (USA, Australia)",0,
686,Bugs Bunny: Crazy Castle 3,Official,16,1,local,1,"Bugs Bunny - Crazy Castle 3 (USA, Europe) (GB Compatible)",5,"Bugs Bunny - Crazy Castle 3 (USA, Europe) (GB Compatible)",0,
697,Dragon Quest III: Soshite Densetsu e...,Official,138,1,local,1,Dragon Warrior III (USA),5,Dragon Warrior III (USA),0,
709,Kirby Tilt 'n' Tumble,Official,54,2,local,1,Kirby - Tilt 'n' Tumble (USA),5,Kirby - Tilt 'n' Tumble (USA),0,
710,The Legend of Zelda: Oracle of Ages,Official,55,3,local,2,"Legend of Zelda, The - Oracle of Ages (Europe) (En,Fr,De,Es,It),Legend of Zelda, The - Oracle of Ages (USA, Australia)",10,"Legend of Zelda, The - Oracle of Ages (Europe) (En,Fr,De,Es,It),Legend of Zelda, The - Oracle of Ages (USA, Australia)",0,
711,LEGO Stunt Rally,Official,20,2,local,2,"LEGO Stunt Rally (Europe) (En,Fr,De,Es,It,Nl,Pt,Sv,No,Da),LEGO Stunt Rally (USA)",10,"LEGO Stunt Rally (Europe) (En,Fr,De,Es,It,Nl,Pt,Sv,No,Da),LEGO Stunt Rally (USA)",0,
713,Mega Man Xtreme,Official,44,1,local,1,"Mega Man Xtreme (USA, Europe) (GB Compatible)",5,"Mega Man Xtreme (USA, Europe) (GB Compatible)",0,
722,Pokémon Silver Version,Official,75,1,local,1,"Pokemon - Silver Version (USA, Europe) (SGB Enhanced) (GB Compatible)",5,"Pokemon - Silver Version (USA, Europe) (SGB Enhanced) (GB Compatible)",0,
725,Pokémon Pinball,Official,78,2,local,2,"Pokemon Pinball (Japan) (Rumble Version) (SGB Enhanced) (GB Compatible),Pokemon Pinball (USA, Australia) (Rumble Version) (SGB Enhanced) (GB Compatible)",10,"Pokemon Pinball (Japan) (Rumble Version) (SGB Enhanced) (GB Compatible),Pokemon Pinball (USA, Australia) (Rumble Version) (SGB Enhanced) (GB Compatible)",0,
726,Pokémon Puzzle Challenge,Official,62,1,local,1,"Pokemon Puzzle Challenge (USA, Australia)",5,"Pokemon Puzzle Challenge (USA, Australia)",0,
727,Pokémon Trading Card Game,Official,35,1,local,1,"Pokemon Trading Card Game (USA, Australia) (SGB Enhanced) (GB Compatible)",5,"Pokemon Trading Card Game (USA, Australia) (SGB Enhanced) (GB Compatible)",0,
728,Shantae,Official,47,4,local,1,Shantae (USA),5,Shantae (USA),0,
732,Super Mario Bros. Deluxe,Official,36,1,local,1,"Super Mario Bros. Deluxe (USA, Europe) (Rev 1)",5,"Super Mario Bros. Deluxe (USA, Europe) (Rev 1)",0,
741,Wario Land 3,Official,106,1,local,1,"Wario Land 3 (World) (En,Ja)",5,"Wario Land 3 (World) (En,Ja)",0,
810,Pokémon Crystal Version,Official,113,2,local,2,"Pokemon - Crystal Version (USA, Europe) (Rev 1),Pokemon - Crystal Version (USA)",10,"Pokemon - Crystal Version (USA, Europe) (Rev 1),Pokemon - Crystal Version (USA)",0,
1351,Scooby-Doo! Classic Creep Capers,Official,15,1,local,1,"Scooby-Doo! - Classic Creep Capers (USA, Europe)",5,"Scooby-Doo! - Classic Creep Capers (USA, Europe)",0,
1403,Mario Golf,Official,44,3,local,3,"Mario Golf (Europe),Mario Golf (USA),Mario Golf GB (Japan)",15,"Mario Golf (Europe),Mario Golf (USA),Mario Golf GB (Japan)",0,
2130,Barbie: Magic Genie Adventure,Official,28,1,local,1,Barbie - Magic Genie Adventure (USA),5,Barbie - Magic Genie Adventure (USA),0,
2206,Billy Bob's Huntin' 'n' Fishin',Official,21,1,local,1,"Billy Bob's Huntin' 'n' Fishin' (USA, Europe)",5,"Billy Bob's Huntin' 'n' Fishin' (USA, Europe)",0,
2370,~Prototype~ Resident Evil,Prototype,19,2,local,1,Resident Evil (World) (Proto 1),5,Resident Evil (World) (Proto 1),0,
2499,Noddy and the Birthday Party,Official,20,1,local,1,"Noddy and the Birthday Party (Europe) (En,Fr,De,Es)",5,"Noddy and the Birthday Party (Europe) (En,Fr,De,Es)",0,
2500,Oddworld Adventures II,Official,55,1,local,1,"Oddworld Adventures 2 (Europe) (En,Fr,De,Es,It) (GB Compatible)",5,"Oddworld Adventures 2 (Europe) (En,Fr,De,Es,It) (GB Compatible)",0,
2501,Astérix & Obélix,Official,46,1,local,1,"Asterix & Obelix (Europe) (En,Fr,De,Es)",5,"Asterix & Obelix (Europe) (En,Fr,De,Es)",0,
2502,Lufia: The Legend Returns,Official,59,1,local,1,Lufia - The Legend Returns (USA),5,Lufia - The Legend Returns (USA),0,
2504,Tomb Raider,Official,28,1,local,1,"Tomb Raider (USA, Europe) (En,Fr,De,Es,It)",5,"Tomb Raider (USA, Europe) (En,Fr,De,Es,It)",0,
2547,Harry Potter and the Sorcerer's Stone,Official,56,1,local,1,"Harry Potter and the Sorcerer's Stone (USA, Europe) (En,Fr,De,Es,It,Nl,Pt,Sv,No,Da,Fi)",5,"Harry Potter and the Sorcerer's Stone (USA, Europe) (En,Fr,De,Es,It,Nl,Pt,Sv,No,Da,Fi)",0,
2581,007: The World Is Not Enough,Official,8,1,local,1,"007 - The World Is Not Enough (USA, Europe)",5,"007 - The World Is Not Enough (USA, Europe)",0,
2582,Alone in the Dark: The New Nightmare,Official,16,2,local,2,"Alone in the Dark - The New Nightmare (Europe) (En,Fr,De,Es,It,Nl),Alone in the Dark - The New Nightmare (USA) (En,Fr,Es)",10,"Alone in the Dark - The New Nightmare (Europe) (En,Fr,De,Es,It,Nl),Alone in the Dark - The New Nightmare (USA) (En,Fr,Es)",0,
2583,Animorphs,Official,35,2,local,2,"Animorphs (USA),Animorphs (Europe) (En,Fr,De,Es,It)",10,"Animorphs (USA),Animorphs (Europe) (En,Fr,De,Es,It)",0,
2818,Harry Potter and the Chamber of Secrets,Official,72,1,local,1,"Harry Potter and the Chamber of Secrets (USA, Europe) (En,Fr,De,Es,It,Nl,Pt,Sv,Da)",5,"Harry Potter and the Chamber of Secrets (USA, Europe) (En,Fr,De,Es,It,Nl,Pt,Sv,Da)",0,
3607,Street Fighter Alpha: Warriors' Dreams,Official,30,2,local,2,"Street Fighter Alpha - Warriors' Dreams (Japan),Street Fighter Alpha - Warriors' Dreams (USA)",10,"Street Fighter Alpha - Warriors' Dreams (Japan),Street Fighter Alpha - Warriors' Dreams (USA)",0,
3608,Dragon Quest Monsters,Official,64,1,local,1,"Dragon Warrior Monsters (USA, Europe) (SGB Enhanced) (GB Compatible)",5,"Dragon Warrior Monsters (USA, Europe) (SGB Enhanced) (GB Compatible)",0,
3625,M&M's Minis Madness,Official,12,2,local,2,"M&M's Minis Madness (Europe),M&M's Minis Madness (USA)",10,"M&M's Minis Madness (Europe),M&M's Minis Madness (USA)",0,
3626,Puzzled,Official,36,1,local,1,Puzzled (USA),5,Puzzled (USA),0,
3631,Winnie the Pooh: Adventures in the 100 Acre Wood,Official,14,1,local,1,"Winnie the Pooh - Adventures in the 100 Acre Wood (Europe) (En,Fr,De,Es,It,Nl,Da)",5,"Winnie the Pooh - Adventures in the 100 Acre Wood (Europe) (En,Fr,De,Es,It,Nl,Da)",0,
3632,Dexter's Laboratory: Robot Rampage,Official,26,1,local,1,"Dexter's Laboratory - Robot Rampage (USA, Europe)",5,"Dexter's Laboratory - Robot Rampage (USA, Europe)",0,
3635,Robot Wars: Metal Mayhem,Official,16,1,local,1,"Robot Wars - Metal Mayhem (Europe) (En,Fr,De,It,Nl,Sv)",5,"Robot Wars - Metal Mayhem (Europe) (En,Fr,De,It,Nl,Sv)",0,
3636,Sabrina: The Animated Series - Spooked!,Official,66,1,local,1,"Sabrina - The Animated Series - Spooked! (USA, Europe)",5,"Sabrina - The Animated Series - Spooked! (USA, Europe)",0,
3637,Samurai Kid,Official,58,2,local,1,Samurai Kid (Japan),5,Samurai Kid (Japan),0,
3638,Sgt. Rock: On the Front Line,Official,25,1,local,1,Sgt. Rock - On the Frontline (USA),5,Sgt. Rock - On the Frontline (USA),0,
3646,The Grinch,Official,8,2,local,2,"Grinch, The (USA),Grinch, The (Europe) (En,Fr,De)",10,"Grinch, The (USA),Grinch, The (Europe) (En,Fr,De)",0,
3647,Men in Black: The Series,Official,15,1,local,1,"Men in Black - The Series (USA, Europe) (SGB Enhanced) (GB Compatible)",5,"Men in Black - The Series (USA, Europe) (SGB Enhanced) (GB Compatible)",0,
3649,Grandia: Parallel Trippers,Official,152,2,local,1,Grandia - Parallel Trippers (Japan),5,Grandia - Parallel Trippers (Japan),0,
3650,Mr. Nutz,Official,13,2,local,2,"Mr. Nutz (Europe) (En,Fr,De,Es,It,Nl),Mr. Nutz (USA) (En,Fr,Es)",10,"Mr. Nutz (Europe) (En,Fr,De,Es,It,Nl),Mr. Nutz (USA) (En,Fr,Es)",0,
3655,"Austin Powers: Oh, Behave!",Official,12,1,local,1,"Austin Powers - Oh, Behave! (USA)",5,"Austin Powers - Oh, Behave! (USA)",0,
3658,Tiny Toon Adventures: Buster Saves the Day,Official,37,1,local,1,Tiny Toon Adventures - Buster Saves the Day (USA),5,Tiny Toon Adventures - Buster Saves the Day (USA),0,
3671,Pooh and Tigger's Hunny Safari,Official,32,2,local,2,"Pooh and Tigger's Hunny Safari (USA),Pooh and Tigger's Hunny Safari (Europe) (En,Fr,De,Es,It,Nl)",10,"Pooh and Tigger's Hunny Safari (USA),Pooh and Tigger's Hunny Safari (Europe) (En,Fr,De,Es,It,Nl)",0,
3673,Snow White and the Seven Dwarfs,Official,17,1,local,1,Snow White and the Seven Dwarfs (USA),5,Snow White and the Seven Dwarfs (USA),0,
3692,Pokémon Trading Card Game 2: The Invasion of Team GR!,Official,75,3,unmatched,0,,0,,0,
3818,Dragon Quest I & II,Official,73,1,local,1,Dragon Warrior I & II (USA) (SGB Enhanced) (GB Compatible),5,Dragon Warrior I & II (USA) (SGB Enhanced) (GB Compatible),0,
3819,John Romero's Daikatana,Official,22,1,local,1,"John Romero's Daikatana (Europe) (En,Fr,It)",5,"John Romero's Daikatana (Europe) (En,Fr,It)",0,
4056,Legend of the River King GBC,Official,57,1,local,1,Legend of the River King GBC (USA) (SGB Enhanced) (GB Compatible),5,Legend of the River King GBC (USA) (SGB Enhanced) (GB Compatible),0,
4058,Looney Tunes: Twouble!,Official,26,1,local,1,"Looney Tunes - Twouble! (USA) (En,Fr,Es) (GB Compatible)",5,"Looney Tunes - Twouble! (USA) (En,Fr,Es) (GB Compatible)",0,
4080,Alfred's Adventure,Official,33,1,local,1,"Alfred's Adventure (Europe) (En,Fr,De,Es,It)",5,"Alfred's Adventure (Europe) (En,Fr,De,Es,It)",0,
4097,Alice in Wonderland,Official,45,1,local,1,"Alice in Wonderland (Europe) (En,Fr,De,Es)",5,"Alice in Wonderland (Europe) (En,Fr,De,Es)",0,
4099,Arthur's Absolutely Fun Day!,Official,29,1,local,1,Arthur's Absolutely Fun Day! (USA),5,Arthur's Absolutely Fun Day! (USA),0,
4100,Azure Dreams,Official,55,2,local,2,"Azure Dreams (USA) (SGB Enhanced) (GB Compatible),Azure Dreams (Europe) (En,Fr,De) (SGB Enhanced) (GB Compatible)",10,"Azure Dreams (USA) (SGB Enhanced) (GB Compatible),Azure Dreams (Europe) (En,Fr,De) (SGB Enhanced) (GB Compatible)",0,
4107,The Simpsons: Night of the Living Treehouse of Horror,Official,16,1,local,1,"Simpsons, The - Night of the Living Treehouse of Horror (USA, Europe)",5,"Simpsons, The - Night of the Living Treehouse of Horror (USA, Europe)",0,
4108,Turok: Rage Wars,Official,12,1,local,1,"Turok - Rage Wars (USA, Europe) (En,Fr,De,Es)",5,"Turok - Rage Wars (USA, Europe) (En,Fr,De,Es)",0,
4125,Metal Walker,Official,27,1,local,1,Metal Walker (USA) (GB Compatible),5,Metal Walker (USA) (GB Compatible),0,
4126,WWF Betrayal,Official,15,1,local,1,"WWF Betrayal (USA, Europe)",5,"WWF Betrayal (USA, Europe)",0,
4129,Frogger,Official,12,3,local,3,"Frogger (USA) (Rev 2) (GB Compatible),Frogger (Europe) (En,Fr,De,Es,It,Nl) (GB Compatible),Frogger (USA) (GB Compatible)",15,"Frogger (USA) (Rev 2) (GB Compatible),Frogger (Europe) (En,Fr,De,Es,It,Nl) (GB Compatible),Frogger (USA) (GB Compatible)",0,
4131,Sesame Street Sports,Official,18,2,local,2,"Sesame Street Sports (USA),Sesame Street Sports (Europe)",10,"Sesame Street Sports (USA),Sesame Street Sports (Europe)",0,
4182,Chicken Run,Official,15,1,local,1,"Chicken Run (USA, Europe) (En,Fr,De,Es,It)",5,"Chicken Run (USA, Europe) (En,Fr,De,Es,It)",0,
4184,Croc,Official,40,1,local,1,"Croc (USA, Europe)",5,"Croc (USA, Europe)",0,
4187,Donald Duck: Goin' Quackers,Official,18,2,local,2,"Donald Duck - Goin' Quackers (USA) (En,Fr,De,Es,It),Donald Duck - Quack Attack (Europe) (En,Fr,De,Es,It)",10,"Donald Duck - Goin' Quackers (USA) (En,Fr,De,Es,It),Donald Duck - Quack Attack (Europe) (En,Fr,De,Es,It)",0,
4188,Doug's Big Game,Official,34,1,local,1,Doug's Big Game (USA),5,Doug's Big Game (USA),0,
4189,Dracula: Crazy Vampire,Official,41,1,local,1,"Dracula - Crazy Vampire (Europe) (En,Fr,De,Es,It)",5,"Dracula - Crazy Vampire (Europe) (En,Fr,De,Es,It)",0,
4190,Driver: You Are The Wheelman,Official,41,1,local,1,"Driver - You Are the Wheelman (USA) (En,Fr,De,Es,It)",5,"Driver - You Are the Wheelman (USA) (En,Fr,De,Es,It)",0,
4192,Monkey Puncher,Official,33,1,local,1,Monkey Puncher (Europe) (SGB Enhanced) (GB Compatible),5,Monkey Puncher (Europe) (SGB Enhanced) (GB Compatible),0,
4193,"Monsters, Inc.",Official,15,2,local,2,"Monsters, Inc. (USA, Europe),Monsters, Inc. (Europe) (En,Fr,It)",10,"Monsters, Inc. (USA, Europe),Monsters, Inc. (Europe) (En,Fr,It)",0,
4246,Qix Adventure,Official,42,1,local,1,Qix Adventure (Europe),5,Qix Adventure (Europe),0,
4301,Fix and Foxi - Episode 1: Lupo,Official,12,1,local,1,"Fix & Foxi - Episode 1 - Lupo (Europe) (En,Fr,De)",5,"Fix & Foxi - Episode 1 - Lupo (Europe) (En,Fr,De)",0,
4302,The Fish Files,Official,33,1,local,1,"Fish Files, The (Europe) (En,Fr,De,Es,It)",5,"Fish Files, The (Europe) (En,Fr,De,Es,It)",0,
4526,Beatmania GB: GotchaMix 2,Official,133,1,local,1,Beatmania GB - Gotcha Mix 2 (Japan),5,Beatmania GB - Gotcha Mix 2 (Japan),0,
4645,Beauty and the Beast: A Board Game Adventure,Official,34,1,local,1,"Beauty and the Beast - A Board Game Adventure (Europe) (En,Fr,De,Es,It) (SGB Enhanced) (GB Compatible)",5,"Beauty and the Beast - A Board Game Adventure (Europe) (En,Fr,De,Es,It) (SGB Enhanced) (GB Compatible)",0,
4646,Mickey's Speedway USA,Official,202,1,local,1,"Mickey's Speedway USA (USA, Europe) (En,Fr,De,Es)",5,"Mickey's Speedway USA (USA, Europe) (En,Fr,De,Es)",0,
4647,Rayman 2,Official,54,1,local,1,"Rayman 2 (USA) (En,Fr,De,Es,It)",5,"Rayman 2 (USA) (En,Fr,De,Es,It)",0,
4671,The Powerpuff Girls: Bad Mojo Jojo,Official,42,1,local,1,"Powerpuff Girls, The - Bad Mojo Jojo (USA)",5,"Powerpuff Girls, The - Bad Mojo Jojo (USA)",0,
4672,The Powerpuff Girls: Paint the Townsville Green,Official,45,1,local,1,"Powerpuff Girls, The - Paint the Townsville Green (USA) (Rev 2)",5,"Powerpuff Girls, The - Paint the Townsville Green (USA) (Rev 2)",0,
4673,The Powerpuff Girls: Battle Him,Official,41,3,local,3,"Powerpuff Girls, The - Battle Him (USA),Powerpuff Girls, The - Battle Him (Europe),Powerpuff Girls, The - Bulle Contre Lui (France)",15,"Powerpuff Girls, The - Battle Him (USA),Powerpuff Girls, The - Battle Him (Europe),Powerpuff Girls, The - Bulle Contre Lui (France)",0,
4702,Die Original Moorhuhnjagd,Official,12,1,local,1,"Original Moorhuhn Jagd, Die (Germany)",5,"Original Moorhuhn Jagd, Die (Germany)",0,
4731,Magi Nation,Official,66,3,local,1,Magi Nation (USA),5,Magi Nation (USA),0,
4871,Centipede,Official,17,1,local,1,Centipede (USA) (GB Compatible),5,Centipede (USA) (GB Compatible),0,
4893,Conker's Pocket Tales,Official,35,1,local,1,"Conker's Pocket Tales (USA, Europe) (En,Fr,De) (SGB Enhanced) (GB Compatible)",5,"Conker's Pocket Tales (USA, Europe) (En,Fr,De) (SGB Enhanced) (GB Compatible)",0,
4912,Mega Man Xtreme 2,Official,44,2,local,1,"Mega Man Xtreme 2 (USA, Europe)",5,"Mega Man Xtreme 2 (USA, Europe)",0,
4919,Quest: Brian's Journey,Official,24,1,local,1,Quest - Brian's Journey (USA) (GB Compatible),5,Quest - Brian's Journey (USA) (GB Compatible),0,
4920,Hamtaro: Ham-Hams Unite!,Official,44,2,local,2,"Hamtaro - Ham-Hams Unite! (Europe) (En,Fr,De,Es,It),Hamtaro - Ham-Hams Unite! (USA)",10,"Hamtaro - Ham-Hams Unite! (Europe) (En,Fr,De,Es,It),Hamtaro - Ham-Hams Unite! (USA)",0,
4921,Asteroids,Official,34,1,local,1,"Asteroids (USA, Europe) (GB Compatible)",5,"Asteroids (USA, Europe) (GB Compatible)",0,
4922,Warlocked,Official,54,1,local,1,Warlocked (USA),5,Warlocked (USA),0,
4923,Survival Kids,Official,39,3,local,2,"Survival Kids (USA) (SGB Enhanced) (GB Compatible),Stranded Kids (Europe) (En,Fr,De) (SGB Enhanced) (GB Compatible)",10,"Survival Kids (USA) (SGB Enhanced) (GB Compatible),Stranded Kids (Europe) (En,Fr,De) (SGB Enhanced) (GB Compatible)",0,
4924,Lil' Monster,Official,32,1,local,1,Lil' Monster (USA) (SGB Enhanced) (GB Compatible),5,Lil' Monster (USA) (SGB Enhanced) (GB Compatible),0,
4928,SpongeBob SquarePants: Legend of the Lost Spatula,Official,30,1,local,1,"SpongeBob SquarePants - Legend of the Lost Spatula (USA, Europe)",5,"SpongeBob SquarePants - Legend of the Lost Spatula (USA, Europe)",0,
4933,Shadowgate Classic,Official,32,3,local,3,"Shadowgate Return (Japan) (GB Compatible),Shadowgate Classic (Europe) (En,Fr,De,Es,Sv) (Rev 1) (GB Compatible),Shadowgate Classic (USA, Europe) (En,Fr,De,Es,Sv) (GB Compatible)",15,"Shadowgate Return (Japan) (GB Compatible),Shadowgate Classic (Europe) (En,Fr,De,Es,Sv) (Rev 1) (GB Compatible),Shadowgate Classic (USA, Europe) (En,Fr,De,Es,Sv) (GB Compatible)",0,
4939,Tetris DX,Official,39,2,local,1,Tetris DX (World) (SGB Enhanced) (GB Compatible),5,Tetris DX (World) (SGB Enhanced) (GB Compatible),0,
4940,Xtreme Sports,Official,36,1,local,1,Xtreme Sports (USA),5,Xtreme Sports (USA),0,
4950,Antz,Official,28,2,local,2,"Antz (USA) (En,Fr,Es) (GB Compatible),Antz (Europe) (En,Fr,De,Es,It,Nl) (GB Compatible)",10,"Antz (USA) (En,Fr,Es) (GB Compatible),Antz (Europe) (En,Fr,De,Es,It,Nl) (GB Compatible)",0,
4959,Monster Rancher Battle Card GB,Official,58,1,local,1,Monster Rancher Battle Card GB (USA) (SGB Enhanced) (GB Compatible),5,Monster Rancher Battle Card GB (USA) (SGB Enhanced) (GB Compatible),0,
4972,Revelations: The Demon Slayer,Official,31,2,local,1,Revelations - The Demon Slayer (USA) (SGB Enhanced) (GB Compatible),5,Revelations - The Demon Slayer (USA) (SGB Enhanced) (GB Compatible),0,
4982,Dogz: Your Virtual Petz Palz,Official,63,2,local,2,"Dogz (Europe),Dogz (USA)",10,"Dogz (Europe),Dogz (USA)",0,
5021,Donkey Kong Country,Official,38,2,local,1,"Donkey Kong Country (USA, Europe) (En,Fr,De,Es,It)",5,"Donkey Kong Country (USA, Europe) (En,Fr,De,Es,It)",1,"Donkey Kong Country (USA, Europe) (En,Fr,De,Es,It)"
5022,Astérix: Search for Dogmatix,Official,24,1,local,1,"Asterix - Sur la Trace D'Idefix (Europe) (En,Fr,De,Es,It,Nl)",5,"Asterix - Sur la Trace D'Idefix (Europe) (En,Fr,De,Es,It,Nl)",0,
5039,Tootuff,Official,33,1,local,1,"Tootuff (Europe) (En,Fr,De,Es,It,Nl)",5,"Tootuff (Europe) (En,Fr,De,Es,It,Nl)",0,
5041,Star Wars - Episode I: Obi-Wan's Adventures,Official,25,2,local,2,"Star Wars Episode I - Obi-Wan's Adventures (USA),Star Wars Episode I - Obi-Wan's Adventures (Europe) (En,Fr,De,Es,It)",10,"Star Wars Episode I - Obi-Wan's Adventures (USA),Star Wars Episode I - Obi-Wan's Adventures (Europe) (En,Fr,De,Es,It)",0,
5042,Monster Rancher Explorer,Official,31,1,local,1,Monster Rancher Explorer (USA),5,Monster Rancher Explorer (USA),0,
5043,Mario Tennis,Official,70,3,local,3,"Mario Tennis (USA),Mario Tennis (Europe),Mario Tennis GB (Japan)",15,"Mario Tennis (USA),Mario Tennis (Europe),Mario Tennis GB (Japan)",0,
5061,102 Dalmatians: Puppies to the Rescue,Official,36,1,local,1,"102 Dalmatians - Puppies to the Rescue (USA, Europe)",5,"102 Dalmatians - Puppies to the Rescue (USA, Europe)",0,
5062,1942,Official,18,1,local,1,"1942 (USA, Europe)",5,"1942 (USA, Europe)",0,
5065,Pac-Man: Special Color Edition,Official,50,1,local,1,Pac-Man - Special Color Edition (USA) (SGB Enhanced) (GB Compatible),5,Pac-Man - Special Color Edition (USA) (SGB Enhanced) (GB Compatible),0,
5067,Pong: The Next Level,Official,18,1,local,1,"Pong - The Next Level (USA, Europe)",5,"Pong - The Next Level (USA, Europe)",0,
5072,Baby Felix: Halloween,Official,16,1,local,1,"Baby Felix - Halloween (Europe) (En,Fr,De,Es,It,Nl)",5,"Baby Felix - Halloween (Europe) (En,Fr,De,Es,It,Nl)",0,
5105,Dragon Quest Monsters 2: Cobi's Journey,Official,71,1,local,1,Dragon Warrior Monsters 2 - Cobi's Journey (USA) (SGB Enhanced) (GB Compatible),5,Dragon Warrior Monsters 2 - Cobi's Journey (USA) (SGB Enhanced) (GB Compatible),0,
5108,Bomberman Quest,Official,40,2,local,2,"Bomberman Quest (USA) (SGB Enhanced) (GB Compatible),Bomberman Quest (Europe) (En,Fr,De) (SGB Enhanced) (GB Compatible)",10,"Bomberman Quest (USA) (SGB Enhanced) (GB Compatible),Bomberman Quest (Europe) (En,Fr,De) (SGB Enhanced) (GB Compatible)",0,
5129,Dragon Dance,Official,46,1,local,1,Dragon Dance (USA) (SGB Enhanced) (GB Compatible),5,Dragon Dance (USA) (SGB Enhanced) (GB Compatible),0,
5133,Resident Evil: Gaiden,Official,34,4,local,2,"Resident Evil Gaiden (USA),Resident Evil Gaiden (Europe) (En,Fr,De,Es,It)",10,"Resident Evil Gaiden (USA),Resident Evil Gaiden (Europe) (En,Fr,De,Es,It)",0,
5143,Harvest Moon 3 GBC,Official,57,1,local,1,Harvest Moon 3 GBC (USA),5,Harvest Moon 3 GBC (USA),0,
5151,Harvest Moon GBC,Official,47,3,local,1,Harvest Moon GBC (USA) (SGB Enhanced) (GB Compatible),5,Harvest Moon GBC (USA) (SGB Enhanced) (GB Compatible),0,
5155,Harvest Moon 2 GBC,Official,53,4,local,3,"Harvest Moon 2 GBC (Germany) (SGB Enhanced) (GB Compatible),Harvest Moon 2 GBC (Europe) (SGB Enhanced) (GB Compatible),Harvest Moon 2 GBC (USA) (SGB Enhanced) (GB Compatible)",15,"Harvest Moon 2 GBC (Germany) (SGB Enhanced) (GB Compatible),Harvest Moon 2 GBC (Europe) (SGB Enhanced) (GB Compatible),Harvest Moon 2 GBC (USA) (SGB Enhanced) (GB Compatible)",0,
5185,10-Pin Bowling,Official,6,1,local,1,10-Pin Bowling (USA) (Rumble Version),5,10-Pin Bowling (USA) (Rumble Version),0,
5217,Super Breakout,Official,20,2,local,2,"Super Breakout (Europe) (En,Fr,De,Es,It,Nl) (GB Compatible),Super Breakout (USA) (GB Compatible)",10,"Super Breakout (Europe) (En,Fr,De,Es,It,Nl) (GB Compatible),Super Breakout (USA) (GB Compatible)",0,
5228,Star Ocean: Blue Sphere,Official,110,4,local,1,Star Ocean - Blue Sphere (Japan) (SGB Enhanced) (GB Compatible),5,Star Ocean - Blue Sphere (Japan) (SGB Enhanced) (GB Compatible),0,
5334,Nushi Tsuri Adventure: Kite no Bouken,Official,104,1,unmatched,0,,0,,0,
5369,Game & Watch Gallery 2,Official,33,1,local,1,"Game & Watch Gallery 2 (USA, Europe) (SGB Enhanced) (GB Compatible)",5,"Game & Watch Gallery 2 (USA, Europe) (SGB Enhanced) (GB Compatible)",0,
5371,The Legend of Zelda: Link's Awakening DX,Official,110,14,local,10,"Legend of Zelda, The - Link's Awakening DX (USA, Europe) (SGB Enhanced) (GB Compatible),Legend of Zelda, The - Link's Awakening DX (France) (SGB Enhanced) (GB Compatible),Zelda no Densetsu - Yume o Miru Shima DX (Japan) (Rev 2) (SGB Enhanced) (GB Compatible),Legend of Zelda, The - Link's Awakening DX (France) (Rev 1) (SGB Enhanced) (GB Compatible),Zelda no Densetsu - Yume o Miru Shima DX (Japan) (Rev 1) (SGB Enhanced) (GB Compatible),Legend of Zelda, The - Link's Awakening DX (USA, Europe) (Rev 2) (SGB Enhanced) (GB Compatible),Legend of Zelda, The - Link's Awakening DX (Germany) (Rev 1) (SGB Enhanced) (GB Compatible),Legend of Zelda, The - Link's Awakening DX (USA, Europe) (Rev 1) (SGB Enhanced) (GB Compatible),Legend of Zelda, The - Link's Awakening DX (Germany) (SGB Enhanced) (GB Compatible),Zelda no Densetsu - Yume o Miru Shima DX (Japan) (SGB Enhanced) (GB Compatible)",50,"Legend of Zelda, The - Link's Awakening DX (USA, Europe) (SGB Enhanced) (GB Compatible),Legend of Zelda, The - Link's Awakening DX (France) (SGB Enhanced) (GB Compatible),Zelda no Densetsu - Yume o Miru Shima DX (Japan) (Rev 2) (SGB Enhanced) (GB Compatible),Legend of Zelda, The - Link's Awakening DX (France) (Rev 1) (SGB Enhanced) (GB Compatible),Zelda no Densetsu - Yume o Miru Shima DX (Japan) (Rev 1) (SGB Enhanced) (GB Compatible),Legend of Zelda, The - Link's Awakening DX (USA, Europe) (Rev 2) (SGB Enhanced) (GB Compatible),Legend of Zelda, The - Link's Awakening DX (Germany) (Rev 1) (SGB Enhanced) (GB Compatible),Legend of Zelda, The - Link's Awakening DX (USA, Europe) (Rev 1) (SGB Enhanced) (GB Compatible),Legend of Zelda, The - Link's Awakening DX (Germany) (SGB Enhanced) (GB Compatible),Zelda no Densetsu - Yume o Miru Shima DX (Japan) (SGB Enhanced) (GB Compatible)",0,
5463,Wizardry Empire,Official,87,1,unmatched,0,,0,,0,
5514,Who Wants to Be a Millionaire: 2nd Edition,Official,12,1,local,1,Who Wants to Be a Millionaire - 2nd Edition (USA),5,Who Wants to Be a Millionaire - 2nd Edition (USA),0,
5594,Dragon Ball Z: Legendary Super Warriors,Official,81,3,local,3,"Dragon Ball Z - Legendary Super Warriors (USA),Dragon Ball Z - Legendary Super Warriors (Europe),Dragon Ball Z - Les Guerriers Legendaires (France)",15,"Dragon Ball Z - Legendary Super Warriors (USA),Dragon Ball Z - Legendary Super Warriors (Europe),Dragon Ball Z - Les Guerriers Legendaires (France)",0,
5939,The Adventures of Elmo in Grouchland,Official,12,2,local,2,"Sesame Street - The Adventures of Elmo in Grouchland (Europe) (GB Compatible),Sesame Street - The Adventures of Elmo in Grouchland (USA) (GB Compatible)",10,"Sesame Street - The Adventures of Elmo in Grouchland (Europe) (GB Compatible),Sesame Street - The Adventures of Elmo in Grouchland (USA) (GB Compatible)",0,
6009,Barbie: Fashion Pack Games,Official,8,1,local,1,"Barbie - Fashion Pack Games (USA, Europe) (GB Compatible)",5,"Barbie - Fashion Pack Games (USA, Europe) (GB Compatible)",0,
6080,Daffy Duck: Fowl Play,Official,24,1,local,1,"Daffy Duck - Fowl Play (USA, Europe) (GB Compatible)",5,"Daffy Duck - Fowl Play (USA, Europe) (GB Compatible)",0,
6081,~Hack~ Pokémon Pinball Generations,Hack,67,1,unmatched,0,,0,,0,
6082,Kikansha Thomas: Sodor-tou no Nakama-tachi,Official,11,1,local,1,Kikansha Thomas - Sodor-tou no Nakama-tachi (Japan),5,Kikansha Thomas - Sodor-tou no Nakama-tachi (Japan),0,
6104,Towers: Lord Baniff's Deceit,Official,41,1,local,1,"Towers - Lord Baniff's Deceit (USA, Europe)",5,"Towers - Lord Baniff's Deceit (USA, Europe)",0,
6135,Beatmania GB,Official,70,1,local,1,Beatmania GB (Japan) (SGB Enhanced) (GB Compatible),5,Beatmania GB (Japan) (SGB Enhanced) (GB Compatible),0,
6136,Motocross Maniacs 2,Official,43,1,local,1,Motocross Maniacs 2 (USA),5,Motocross Maniacs 2 (USA),0,
6167,Pop'n Music GB,Official,123,1,local,1,Pop'n Music GB (Japan),5,Pop'n Music GB (Japan),0,
6169,Pop 'n Music GB: Animation Melody,Official,96,1,local,1,Pop'n Music GB - Animation Melody (Japan),5,Pop'n Music GB - Animation Melody (Japan),0,
6170,Pop n Music GB: Disney Tunes,Official,45,1,local,1,Pop'n Music GB - Disney Tunes (Japan),5,Pop'n Music GB - Disney Tunes (Japan),0,
6171,Beatmania GB2: GotchaMix,Official,95,1,local,1,Beatmania GB 2 - Gotcha Mix (Japan) (SGB Enhanced) (GB Compatible),5,Beatmania GB 2 - Gotcha Mix (Japan) (SGB Enhanced) (GB Compatible),0,
6181,Dance Dance Revolution GB: Disney Mix,Official,59,1,local,1,Dance Dance Revolution GB - Disney Mix (Japan),5,Dance Dance Revolution GB - Disney Mix (Japan),0,
6203,Lucky Luke,Official,26,2,local,2,"Lucky Luke (USA) (En,Fr,De,Es),Lucky Luke (Europe) (En,Fr,De,Es)",10,"Lucky Luke (USA) (En,Fr,De,Es),Lucky Luke (Europe) (En,Fr,De,Es)",0,
6251,~Hack~ The Legend of Zelda: Hard Awakening DX,Hack,15,2,unmatched,0,,0,,0,
6274,Bugs Bunny in Crazy Castle 4,Official,36,3,local,3,"Bugs Bunny in - Crazy Castle 4 (USA),Bugs Bunny - Crazy Castle 4 (Japan),Bugs Bunny in - Crazy Castle 4 (Europe)",15,"Bugs Bunny in - Crazy Castle 4 (USA),Bugs Bunny - Crazy Castle 4 (Japan),Bugs Bunny in - Crazy Castle 4 (Europe)",0,
6276,Halloween Racer,Official,12,1,local,1,"Halloween Racer (Europe) (En,Fr,De,Es,It,Pt)",5,"Halloween Racer (Europe) (En,Fr,De,Es,It,Pt)",0,
6337,Robopon: Sun Version,Official,22,1,local,1,Robopon - Sun Version (USA) (SGB Enhanced) (GB Compatible),5,Robopon - Sun Version (USA) (SGB Enhanced) (GB Compatible),0,
6342,NSYNC: Get to the Show,Official,16,1,local,1,NSYNC - Get to the Show (USA),5,NSYNC - Get to the Show (USA),0,
6385,Crystalis,Official,57,2,local,1,Crystalis (USA),5,Crystalis (USA),0,
6396,~Homebrew~ ~Demo~ Metroid Dread,Homebrew/Demo,8,1,unmatched,0,,0,,0,
6494,Pocket Bomberman,Official,15,1,local,1,"Pocket Bomberman (USA, Europe) (SGB Enhanced) (GB Compatible)",5,"Pocket Bomberman (USA, Europe) (SGB Enhanced) (GB Compatible)",0,
6523,Balloon Fight GB,Official,49,2,local,1,"Balloon Fight GB (Japan) (SGB Enhanced, GB Compatible) (NP)",5,"Balloon Fight GB (Japan) (SGB Enhanced, GB Compatible) (NP)",0,
6524,Bionic Commando: Elite Forces,Official,49,1,local,1,"Bionic Commando - Elite Forces (USA, Australia)",5,"Bionic Commando - Elite Forces (USA, Australia)",0,
6526,Commander Keen,Official,20,1,local,1,"Commander Keen (USA, Europe)",5,"Commander Keen (USA, Europe)",0,
6531,The Flintstones: Burgertime in Bedrock,Official,27,1,local,1,"Flintstones, The - Burgertime in Bedrock (USA)",5,"Flintstones, The - Burgertime in Bedrock (USA)",0,
6533,Game & Watch Gallery 3,Official,42,1,local,1,"Game & Watch Gallery 3 (USA, Europe) (SGB Enhanced) (GB Compatible)",5,"Game & Watch Gallery 3 (USA, Europe) (SGB Enhanced) (GB Compatible)",0,
6534,The Little Mermaid II: Pinball Frenzy,Official,31,2,local,2,"Little Mermaid II, The - Pinball Frenzy (USA) (En,Fr,De,Es,It) (Rumble Version),Little Mermaid II, The - Pinball Frenzy (Europe) (En,Fr,De,Es,It)",10,"Little Mermaid II, The - Pinball Frenzy (USA) (En,Fr,De,Es,It) (Rumble Version),Little Mermaid II, The - Pinball Frenzy (Europe) (En,Fr,De,Es,It)",0,
6536,Looney Tunes Collector: Alert!,Official,17,2,local,2,"Looney Tunes Collector - Alert! (USA) (En,Fr,Es),Looney Tunes Collector - Martian Alert! (Europe) (En,Fr,De,Es,It,Nl)",10,"Looney Tunes Collector - Alert! (USA) (En,Fr,Es),Looney Tunes Collector - Martian Alert! (Europe) (En,Fr,De,Es,It,Nl)",0,
6538,Looney Tunes Collector: Marvin Strikes Back!,Official,22,1,local,1,"Marvin Strikes Back! (USA) (En,Fr,Es)",5,"Marvin Strikes Back! (USA) (En,Fr,Es)",0,
6539,Mickey's Racing Adventure,Official,27,1,local,1,"Mickey's Racing Adventure (USA, Europe) (En,Fr,De,Es,It)",5,"Mickey's Racing Adventure (USA, Europe) (En,Fr,De,Es,It)",0,
6542,Pocket Bowling,Official,13,1,local,1,Pocket Bowling (USA) (GB Compatible),5,Pocket Bowling (USA) (GB Compatible),0,
6545,Speedy Gonzales: Aztec Adventure,Official,27,1,local,1,"Speedy Gonzales - Aztec Adventure (USA, Europe) (GB Compatible)",5,"Speedy Gonzales - Aztec Adventure (USA, Europe) (GB Compatible)",0,
6548,Toki Tori,Official,9,1,local,1,"Toki Tori (USA, Europe) (En,Ja,Fr,De,Es)",5,"Toki Tori (USA, Europe) (En,Ja,Fr,De,Es)",0,
6549,Tom and Jerry: Mouse Hunt,Official,21,1,local,1,"Tom and Jerry - Mousehunt (Europe) (En,Fr,De,Es,It) (Rev 1)",5,"Tom and Jerry - Mousehunt (Europe) (En,Fr,De,Es,It) (Rev 1)",0,
6550,Tom and Jerry in Mouse Attacks,Official,26,1,local,1,Tom and Jerry in - Mouse Attacks! (USA),5,Tom and Jerry in - Mouse Attacks! (USA),0,
6556,Woody Woodpecker: Escape from Buzz Buzzard Park,Official,40,1,local,1,Woody Woodpecker (USA),5,Woody Woodpecker (USA),0,
6732,Catwoman,Official,18,1,local,1,Catwoman (Europe),5,Catwoman (Europe),0,
6791,Gex 3: Deep Pocket Gecko,Official,24,1,local,1,Gex 3 - Deep Pocket Gecko (USA),5,Gex 3 - Deep Pocket Gecko (USA),0,
6859,Pocket Puyo Sun,Official,16,1,local,1,Pocket Puyo Puyo Sun (Japan) (SGB Enhanced) (GB Compatible),5,Pocket Puyo Puyo Sun (Japan) (SGB Enhanced) (GB Compatible),0,
7102,Bomberman Max: Red Challenger,Official,40,1,local,1,Bomberman Max - Red Challenger (USA),5,Bomberman Max - Red Challenger (USA),0,
7107,Bomberman Max: Blue Champion,Official,40,1,local,1,Bomberman Max - Blue Champion (USA),5,Bomberman Max - Blue Champion (USA),0,
7109,Buffy the Vampire Slayer,Official,18,1,local,1,"Buffy the Vampire Slayer (USA, Europe)",5,"Buffy the Vampire Slayer (USA, Europe)",0,
7125,Godzilla: The Series,Official,16,2,local,2,"Godzilla - The Series (Europe) (En,Fr,De) (GB Compatible),Godzilla - The Series (USA) (En,Fr,De) (GB Compatible)",10,"Godzilla - The Series (Europe) (En,Fr,De) (GB Compatible),Godzilla - The Series (USA) (En,Fr,De) (GB Compatible)",0,
7130,Dance Dance Revolution GB,Official,70,1,local,1,Dance Dance Revolution GB (Japan),5,Dance Dance Revolution GB (Japan),0,
7146,Santa Claus Junior,Official,31,1,local,1,Santa Claus Junior (Europe),5,Santa Claus Junior (Europe),0,
7174,Microsoft Pinball Arcade,Official,20,1,local,1,Microsoft Pinball Arcade (USA),5,Microsoft Pinball Arcade (USA),0,
7210,Star Wars - Episode I: Racer,Official,27,1,local,1,"Star Wars Episode I - Racer (USA, Europe) (Rumble Version)",5,"Star Wars Episode I - Racer (USA, Europe) (Rumble Version)",0,
7272,Ms. Pac-Man: Special Color Edition,Official,28,2,local,2,"Ms. Pac-Man - Special Color Edition (USA) (SGB Enhanced) (GB Compatible),Ms. Pac-Man - Special Colour Edition (Europe) (SGB Enhanced) (GB Compatible)",10,"Ms. Pac-Man - Special Color Edition (USA) (SGB Enhanced) (GB Compatible),Ms. Pac-Man - Special Colour Edition (Europe) (SGB Enhanced) (GB Compatible)",0,
7286,Spider-Man,Official,35,1,local,1,"Spider-Man (USA, Europe)",5,"Spider-Man (USA, Europe)",0,
7290,Power Rangers: Lightspeed Rescue,Official,42,1,local,1,"Saban's Power Rangers - Lightspeed Rescue (USA, Europe)",5,"Saban's Power Rangers - Lightspeed Rescue (USA, Europe)",0,
7297,~Homebrew~ Office Combat,Homebrew,8,1,local,1,Office Combat (World) (GB Compatible) (Aftermarket) (Unl),5,Office Combat (World) (GB Compatible) (Aftermarket) (Unl),0,
7304,Magical Tetris Challenge,Official,18,3,local,3,"Magical Tetris Challenge (Europe) (En,Fr,De,Es,It,Nl,Sv) (Rev 1),Magical Tetris Challenge (Europe) (En,Fr,De,Es,It,Nl,Sv),Magical Tetris Challenge (USA)",15,"Magical Tetris Challenge (Europe) (En,Fr,De,Es,It,Nl,Sv) (Rev 1),Magical Tetris Challenge (Europe) (En,Fr,De,Es,It,Nl,Sv),Magical Tetris Challenge (USA)",0,
7450,Return of the Ninja,Official,15,1,local,1,Return of the Ninja (USA),5,Return of the Ninja (USA),0,
7469,Die Maus,Official,24,1,local,1,"Maus, Die (Europe) (En,Fr,De,Es)",5,"Maus, Die (Europe) (En,Fr,De,Es)",0,
7638,Aladdin,Official,35,1,local,1,Aladdin (USA),5,Aladdin (USA),0,
7666,Hot Wheels: Stunt Track Driver,Official,24,1,local,1,"Hot Wheels - Stunt Track Driver (USA, Europe) (SGB Enhanced) (GB Compatible)",5,"Hot Wheels - Stunt Track Driver (USA, Europe) (SGB Enhanced) (GB Compatible)",0,
7687,Caterpillar Construction Zone,Official,15,1,local,1,"Caterpillar Construction Zone (USA, Europe) (GB Compatible)",5,"Caterpillar Construction Zone (USA, Europe) (GB Compatible)",0,
7708,Legend of the River King 2,Official,76,1,local,1,Legend of the River King 2 (USA) (SGB Enhanced) (GB Compatible),5,Legend of the River King 2 (USA) (SGB Enhanced) (GB Compatible),0,
7736,Godzilla: The Series - Monster Wars,Official,31,2,local,2,"Godzilla - The Series - Monster Wars (USA) (En,Fr,De),Godzilla - The Series - Monster Wars (Europe) (En,Fr,De)",10,"Godzilla - The Series - Monster Wars (USA) (En,Fr,De),Godzilla - The Series - Monster Wars (Europe) (En,Fr,De)",0,
7748,Knockout Kings,Official,22,1,local,1,"Knockout Kings (USA, Europe)",5,"Knockout Kings (USA, Europe)",0,
7866,X-Men: Wolverine's Rage,Official,28,1,local,1,X-Men - Wolverine's Rage (USA),5,X-Men - Wolverine's Rage (USA),0,
7964,~Prototype~ South Park,Prototype,45,1,local,1,South Park (USA) (Proto),5,South Park (USA) (Proto),0,
8009,Megami Tensei Gaiden: Last Bible II,Official,35,1,unmatched,0,,0,,0,
8228,~Unlicensed~ Zook Hero Z,Unlicensed,41,1,nointro_db_only,0,,0,,1,Rockman DX6 (Taiwan) (Unl)
8239,~Unlicensed~ Zook Hero 2,Unlicensed,40,2,local,1,Luke Yingxiong 2 - Zook Hero 2 (Taiwan) (Unl),5,Luke Yingxiong 2 - Zook Hero 2 (Taiwan) (Unl),1,Luke Yingxiong 2 - Zook Hero 2 (Taiwan) (Unl)
8337,Montezuma's Return,Official,21,1,local,1,"Montezuma's Return! (USA) (En,Es) (GB Compatible)",5,"Montezuma's Return! (USA) (En,Es) (GB Compatible)",0,
8362,Rocket Power: Gettin Air,Official,16,1,local,1,"Rocket Power - Gettin' Air (USA, Europe)",5,"Rocket Power - Gettin' Air (USA, Europe)",0,
8402,Toy Story 2,Official,45,1,local,1,"Toy Story 2 (USA, Europe) (SGB Enhanced) (GB Compatible)",5,"Toy Story 2 (USA, Europe) (SGB Enhanced) (GB Compatible)",0,
8461,Spider-Man 2: The Sinister Six,Official,19,1,local,1,"Spider-Man 2 - The Sinister Six (USA, Europe)",5,"Spider-Man 2 - The Sinister Six (USA, Europe)",0,
8497,Mortal Kombat 4,Official,26,1,local,1,"Mortal Kombat 4 (USA, Europe) (SGB Enhanced) (GB Compatible)",5,"Mortal Kombat 4 (USA, Europe) (SGB Enhanced) (GB Compatible)",0,
8539,~Unlicensed~ Donkey Kong 5: The Journey of Over Time and Space,Unlicensed,42,1,nointro_db_only,0,,0,,1,Donkey Kong 5 - The Journey of Over Time and Space (Taiwan) (En) (Unl)
8550,~Unlicensed~ 2003 Crash II Advance,Unlicensed,11,2,local,1,2003 Crash II Advance (USA) (Unl),5,2003 Crash II Advance (USA) (Unl),1,2003 Crash II Advance (USA) (Unl)
8569,Mr. Driller,Official,12,1,local,1,Mr. Driller (USA),5,Mr. Driller (USA),0,
8571,Batman Beyond: Return of the Joker,Official,10,2,local,2,"Batman of the Future - Return of the Joker (Europe) (En,Fr,De),Batman Beyond - Return of the Joker (Japan) (NP)",10,"Batman of the Future - Return of the Joker (Europe) (En,Fr,De),Batman Beyond - Return of the Joker (Japan) (NP)",0,
8630,BattleTanx,Official,32,2,local,2,"BattleTanx (Europe) (En,Fr,De),BattleTanx (USA)",10,"BattleTanx (Europe) (En,Fr,De),BattleTanx (USA)",0,
8667,Ghosts 'n Goblins,Official,32,1,local,1,"Ghosts'n Goblins (USA, Europe) (GB Compatible)",5,"Ghosts'n Goblins (USA, Europe) (GB Compatible)",0,
8685,~Hack~ Joel's Bizarre Pokeventure,Hack,16,1,unmatched,0,,0,,0,
8757,Pro Darts,Official,52,1,local,1,Pro Darts (USA),5,Pro Darts (USA),0,
8848,Bob the Builder: Fix It Fun!,Official,25,2,local,2,"Bob the Builder - Fix it Fun! (Europe) (En,Fr,De,Es,Nl),Bob the Builder - Fix it Fun! (Europe) (En,Sv,No,Da,Fi)",10,"Bob the Builder - Fix it Fun! (Europe) (En,Fr,De,Es,Nl),Bob the Builder - Fix it Fun! (Europe) (En,Sv,No,Da,Fi)",0,
8926,~Unlicensed~ Terrifying 911,Unlicensed,29,3,local,1,Terrifying 911 (China) (En) (Unl),5,Terrifying 911 (China) (En) (Unl),1,Tezhong Budui 2 - Jidi (Taiwan) (Unl)
9028,~Hack~ The Legend of Zelda: New Awakening,Hack,31,1,unmatched,0,,0,,0,
9076,Toy Story Racer,Official,12,2,local,2,"Toy Story Racer (USA, Europe),Toy Story Racer (Europe) (En,Fr,De)",10,"Toy Story Racer (USA, Europe),Toy Story Racer (Europe) (En,Fr,De)",0,
9109,Vigilante 8,Official,35,1,local,1,Vigilante 8 (USA) (Rumble Version),5,Vigilante 8 (USA) (Rumble Version),0,
9169,Moomin's Tale,Official,16,1,local,1,"Moomin's Tale (Europe) (En,Fr,De)",5,"Moomin's Tale (Europe) (En,Fr,De)",0,
9204,X-Men: Mutant Academy,Official,27,1,local,1,"X-Men - Mutant Academy (USA, Europe) (Rev 1)",5,"X-Men - Mutant Academy (USA, Europe) (Rev 1)",0,
9269,~Hack~ Pokémon Kalos Crystal,Hack,81,1,unmatched,0,,0,,0,
9473,Planet of the Apes,Official,42,2,local,2,"Planet of the Apes (Europe) (En,Fr,De,Es,It,Nl),Planet of the Apes (USA) (En,Fr,De,Es,It,Nl)",10,"Planet of the Apes (Europe) (En,Fr,De,Es,It,Nl),Planet of the Apes (USA) (En,Fr,De,Es,It,Nl)",0,
9491,~Hack~ Pokémon Prism Version,Hack,94,4,unmatched,0,,0,,0,
9684,Bass Masters Classic,Official,14,1,local,1,"Bass Masters Classic (USA, Europe) (GB Compatible)",5,"Bass Masters Classic (USA, Europe) (GB Compatible)",0,
9722,Sabrina: The Animated Series - Zapped!,Official,40,1,local,1,"Sabrina - The Animated Series - Zapped! (USA, Europe)",5,"Sabrina - The Animated Series - Zapped! (USA, Europe)",0,
9725,Wendy: Every Witch Way,Official,37,1,local,1,"Wendy - Every Witch Way (USA, Europe)",5,"Wendy - Every Witch Way (USA, Europe)",0,
9993,Bear in the Big Blue House,Official,24,2,local,2,"Jim Henson's Bear in the Big Blue House (Europe) (En,Fr,De,Es,It,Nl),Jim Henson's Bear in the Big Blue House (USA) (En,Fr,De,Es,It,Nl)",10,"Jim Henson's Bear in the Big Blue House (Europe) (En,Fr,De,Es,It,Nl),Jim Henson's Bear in the Big Blue House (USA) (En,Fr,De,Es,It,Nl)",0,
10424,Power Rangers: Time Force,Official,37,1,local,1,"Saban's Power Rangers - Time Force (USA, Europe)",5,"Saban's Power Rangers - Time Force (USA, Europe)",0,
10631,MTV Sports: Skateboarding featuring Andy MacDonald,Official,49,1,local,1,"MTV Sports - Skateboarding Featuring Andy MacDonald (USA, Europe)",5,"MTV Sports - Skateboarding Featuring Andy MacDonald (USA, Europe)",0,
10659,Barbie: Ocean Discovery,Official,21,1,local,1,Barbie - Ocean Discovery (USA) (GB Compatible),5,Barbie - Ocean Discovery (USA) (GB Compatible),0,
10849,Buzz Lightyear of Star Command,Official,27,1,local,1,"Buzz Lightyear of Star Command (USA, Europe)",5,"Buzz Lightyear of Star Command (USA, Europe)",0,
11149,Hello Kitty no Magical Museum,Official,9,2,local,1,Hello Kitty no Magical Museum (Japan) (SGB Enhanced) (GB Compatible),5,Hello Kitty no Magical Museum (Japan) (SGB Enhanced) (GB Compatible),0,
11153,Luca no Puzzle de Daibouken!,Official,21,1,local,1,Luca no Puzzle de Daibouken! (Japan) (SGB Enhanced) (GB Compatible),5,Luca no Puzzle de Daibouken! (Japan) (SGB Enhanced) (GB Compatible),0,
11165,Bugs Bunny and Lola Bunny: Operation Carrot Patch,Official,18,1,local,1,"Bugs Bunny & Lola Bunny - Operation Carrot Patch (Europe) (En,Fr,De,Es,It,Nl) (GB Compatible)",5,"Bugs Bunny & Lola Bunny - Operation Carrot Patch (Europe) (En,Fr,De,Es,It,Nl) (GB Compatible)",0,
11206,Barbie: Pet Rescue,Official,22,1,local,1,"Barbie - Pet Rescue (Europe) (En,Fr,De,Es,It)",5,"Barbie - Pet Rescue (Europe) (En,Fr,De,Es,It)",0,
11582,Dance Dance Revolution GB3,Official,81,1,local,1,Dance Dance Revolution GB 3 (Japan),5,Dance Dance Revolution GB 3 (Japan),0,
11592,Mary-Kate & Ashley: Get a Clue!,Official,7,1,local,1,"Mary-Kate & Ashley - Get a Clue! (USA, Europe) (GB Compatible)",5,"Mary-Kate & Ashley - Get a Clue! (USA, Europe) (GB Compatible)",0,
11673,Microsoft: The Best of Entertainment Pack,Official,27,2,local,2,"Microsoft - The Best of Entertainment Pack (USA),Microsoft - The Best of Entertainment Pack (Europe)",10,"Microsoft - The Best of Entertainment Pack (USA),Microsoft - The Best of Entertainment Pack (Europe)",0,
11720,Pokémon Silver Version [Subset - Professor Oak Challenge],Official,217,1,unmatched,0,,0,,0,
11841,Pokémon Crystal Version [Subset - Shiny Pokémon],Official,213,1,unmatched,0,,0,,0,
12399,The Legend of Zelda: Oracle of Ages | Oracle of Seasons [Subset - Bonus],Official,25,2,unmatched,0,,0,,0,
12775,~Homebrew~ Hong Kong 2099,Homebrew,8,1,unmatched,0,,0,,0,
12803,Survival Kids 2: Dasshutsu!! Futagojima!,Official,36,2,local,1,Survival Kids 2 - Dasshutsu!! Futago-jima! (Japan) (SGB Enhanced) (GB Compatible),5,Survival Kids 2 - Dasshutsu!! Futago-jima! (Japan) (SGB Enhanced) (GB Compatible),0,
12804,Meitantei Conan: Karakuri Jiin Satsujin Jiken,Official,12,2,local,1,Meitantei Conan - Karakuri Jiin Satsujin Jiken (Japan) (SGB Enhanced) (GB Compatible),5,Meitantei Conan - Karakuri Jiin Satsujin Jiken (Japan) (SGB Enhanced) (GB Compatible),0,
12827,Blue's Clues: Blue's Alphabet Book,Official,16,2,local,2,"Blue's Clues - Blue's Alphabet Book (USA),Blue's Clues - Blue's Alphabet Book (USA) (Rev 1) (Proto)",10,"Blue's Clues - Blue's Alphabet Book (USA),Blue's Clues - Blue's Alphabet Book (USA) (Rev 1) (Proto)",0,
12829,Benjamin Blümchen: Ein verrückter Tag im Zoo,Official,18,1,local,1,Benjamin Bluemchen - Ein verrueckter Tag im Zoo (Germany),5,Benjamin Bluemchen - Ein verrueckter Tag im Zoo (Germany),0,
12842,Dance Dance Revolution GB2,Official,71,1,local,1,Dance Dance Revolution GB 2 (Japan),5,Dance Dance Revolution GB 2 (Japan),0,
12850,Tomb Raider: Curse of the Sword,Official,42,1,local,1,"Tomb Raider - Curse of the Sword (USA, Europe)",5,"Tomb Raider - Curse of the Sword (USA, Europe)",0,
12864,Meitantei Conan: Kigantou Hihou Densetsu,Official,11,2,local,1,Meitantei Conan - Kigantou Hihou Densetsu (Japan) (SGB Enhanced) (GB Compatible),5,Meitantei Conan - Kigantou Hihou Densetsu (Japan) (SGB Enhanced) (GB Compatible),0,
12881,Magical Chase,Official,70,2,local,1,Magical Chase GB - Minarai Mahoutsukai Kenja no Tani e (Japan),5,Magical Chase GB - Minarai Mahoutsukai Kenja no Tani e (Japan),0,
12940,Uno,Official,24,1,local,1,"Uno (Europe) (En,Fr,De,Es,It,Nl) (GB Compatible)",5,"Uno (Europe) (En,Fr,De,Es,It,Nl) (GB Compatible)",0,
12943,Croc 2,Official,28,1,local,1,"Croc 2 (USA, Europe)",5,"Croc 2 (USA, Europe)",0,
12950,Hollywood Pinball,Official,85,1,local,1,"Hollywood Pinball (Europe) (En,Fr,De,It) (GB Compatible)",5,"Hollywood Pinball (Europe) (En,Fr,De,It) (GB Compatible)",0,
12951,Nicktoons Racing,Official,29,1,local,1,Nicktoons Racing (USA),5,Nicktoons Racing (USA),0,
13053,Monopoly,Official,35,1,local,1,Monopoly (USA) (GB Compatible),5,Monopoly (USA) (GB Compatible),0,
13082,Moorhen 3: ... The Chicken Chase!,Official,16,1,local,1,"Moorhuhn 3 - ...Es Gibt Huhn! (Europe) (En,Fr,De,Es,It)",5,"Moorhuhn 3 - ...Es Gibt Huhn! (Europe) (En,Fr,De,Es,It)",0,
13091,Ballistic,Official,15,1,local,1,Ballistic (USA) (GB Compatible),5,Ballistic (USA) (GB Compatible),0,
13121,Magical Drop,Official,15,1,local,1,Magical Drop (USA),5,Magical Drop (USA),0,
13182,Top Gear Pocket 2,Official,86,3,local,3,"Top Gear Rally 2 (Europe),Top Gear Pocket 2 (USA),Top Gear Pocket 2 (Japan) (Rumble Version)",15,"Top Gear Rally 2 (Europe),Top Gear Pocket 2 (USA),Top Gear Pocket 2 (Japan) (Rumble Version)",0,
13389,~Hack~ Crystal Clear,Hack,192,8,unmatched,0,,0,,0,
13427,Sesame Street: Elmo's 123s,Official,6,1,local,1,Sesame Street - Elmo's 123s (USA) (GB Compatible),5,Sesame Street - Elmo's 123s (USA) (GB Compatible),0,
13801,Yu-Gi-Oh! Duel Monsters 4: Battle of Great Duelist - Kaiba Deck,Official,31,7,local,1,Yu-Gi-Oh! Duel Monsters 4 - Battle of Great Duelist - Kaiba Deck (Japan),35,"Yu-Gi-Oh! Duel Monsters 4 - Battle of Great Duelist - Kaiba Deck (Japan),Yu-Gi-Oh! Duel Monsters 4 - Battle of Great Duelist - Kaiba Deck (World) (Ja) (Early Days Collection),Yu-Gi-Oh! Duel Monsters 4 - Combat de Grand Duelliste - Deck Kaiba (World) (Fr) (v1.1) (Early Days Collection),Yu-Gi-Oh! Duel Monsters 4 - Kampf der grossen Duellanten - Kaiba-Deck (World) (De) (v1.1) (Early Days Collection),Yu-Gi-Oh! Duel Monsters 4 - Battle of Great Duelist - Kaiba Deck (World) (Early Days Collection),Yu-Gi-Oh! Duel Monsters 4 - Battle of Great Duelist - Deck di Kaiba (World) (It) (v1.1) (Early Days Collection),Yu-Gi-Oh! Duel Monsters 4 - Batalla del Gran Duelista - Deck de Kaiba (World) (Es) (v1.1) (Early Days Collection)",0,
13829,Turok 2: Seeds of Evil,Official,24,1,local,1,"Turok 2 - Seeds of Evil (USA, Europe) (En,Fr,De,Es) (GB Compatible)",5,"Turok 2 - Seeds of Evil (USA, Europe) (En,Fr,De,Es) (GB Compatible)",0,
14039,Perfect Dark,Official,34,1,local,1,"Perfect Dark (USA, Europe) (En,Fr,De,Es,It) (Rumble Version)",5,"Perfect Dark (USA, Europe) (En,Fr,De,Es,It) (Rumble Version)",0,
14108,Yu-Gi-Oh! Duel Monsters 4: Battle of Great Duelist - Yugi Deck,Official,31,7,local,1,Yu-Gi-Oh! Duel Monsters 4 - Battle of Great Duelist - Yuugi Deck (Japan),35,"Yu-Gi-Oh! Duel Monsters 4 - Combat de Grand Duelliste - Deck Yugi (World) (Fr) (v1.1) (Early Days Collection),Yu-Gi-Oh! Duel Monsters 4 - Battle of Great Duelist - Yugi Deck (World) (Early Days Collection),Yu-Gi-Oh! Duel Monsters 4 - Batalla del Gran Duelista - Deck de Yugi (World) (Es) (v1.1) (Early Days Collection),Yu-Gi-Oh! Duel Monsters 4 - Kampf der grossen Duellanten - Yugi-Deck (World) (De) (v1.1) (Early Days Collection),Yu-Gi-Oh! Duel Monsters 4 - Battle of Great Duelist - Yuugi Deck (World) (Ja) (Early Days Collection),Yu-Gi-Oh! Duel Monsters 4 - Battle of Great Duelist - Deck di Yugi (World) (It) (v1.1) (Early Days Collection),Yu-Gi-Oh! Duel Monsters 4 - Battle of Great Duelist - Yuugi Deck (Japan)",0,
14109,Yu-Gi-Oh! Duel Monsters 4: Battle of Great Duelist - Jonouchi Deck,Official,31,7,local,1,Yu-Gi-Oh! Duel Monsters 4 - Battle of Great Duelist - Jounouchi Deck (Japan),35,"Yu-Gi-Oh! Duel Monsters 4 - Battle of Great Duelist - Jounouchi Deck (World) (Ja) (Early Days Collection),Yu-Gi-Oh! Duel Monsters 4 - Kampf der grossen Duellanten - Joey-Deck (World) (De) (v1.1) (Early Days Collection),Yu-Gi-Oh! Duel Monsters 4 - Battle of Great Duelist - Joey Deck (World) (Early Days Collection),Yu-Gi-Oh! Duel Monsters 4 - Battle of Great Duelist - Deck di Joey (World) (It) (v1.1) (Early Days Collection),Yu-Gi-Oh! Duel Monsters 4 - Combat de Grand Duelliste - Deck Joey (World) (Fr) (v1.1) (Early Days Collection),Yu-Gi-Oh! Duel Monsters 4 - Batalla del Gran Duelista - Deck de Joey (World) (Es) (v1.1) (Early Days Collection),Yu-Gi-Oh! Duel Monsters 4 - Battle of Great Duelist - Jounouchi Deck (Japan)",0,
14123,Yu-Gi-Oh! Duel Monsters II: Dark Duel Stories,Official,74,7,local,1,Yu-Gi-Oh! Duel Monsters II - Dark Duel Stories (Japan) (SGB Enhanced) (GB Compatible),35,"Yu-Gi-Oh! Duel Monsters II - Dark Duel Stories (World) (Ja) (Early Days Collection) (SGB Enhanced) (GB Compatible),Yu-Gi-Oh! Duel Monsters II - Dark Duel Stories (World) (It) (Early Days Collection) (SGB Enhanced) (GB Compatible),Yu-Gi-Oh! Duel Monsters II - Dark Duel Stories (World) (Fr) (Early Days Collection) (SGB Enhanced) (GB Compatible),Yu-Gi-Oh! Duel Monsters II - Dark Duel Stories (Japan) (SGB Enhanced) (GB Compatible),Yu-Gi-Oh! Duel Monsters II - Dark Duel Stories (World) (Es) (Early Days Collection) (SGB Enhanced) (GB Compatible),Yu-Gi-Oh! Duel Monsters II - Dark Duel Stories (World) (De) (Early Days Collection) (SGB Enhanced) (GB Compatible),Yu-Gi-Oh! Duel Monsters II - Dark Duel Stories (World) (Early Days Collection) (SGB Enhanced) (GB Compatible)",0,
14165,Sesame Street: Elmo's ABCs,Official,6,2,local,2,"Sesame Street - Elmo's ABCs (Europe) (GB Compatible),Sesame Street - Elmo's ABCs (USA) (GB Compatible)",10,"Sesame Street - Elmo's ABCs (Europe) (GB Compatible),Sesame Street - Elmo's ABCs (USA) (GB Compatible)",0,
14166,LEGO Island 2: The Brickster's Revenge,Official,13,2,local,2,"LEGO Island 2 - The Brickster's Revenge (USA) (En,Fr,Es),LEGO Island 2 - The Brickster's Revenge (Europe) (En,Fr,De,Es,It,Nl,Pt,Sv,No,Da)",10,"LEGO Island 2 - The Brickster's Revenge (USA) (En,Fr,Es),LEGO Island 2 - The Brickster's Revenge (Europe) (En,Fr,De,Es,It,Nl,Pt,Sv,No,Da)",0,
14221,Wario Land II,Official,39,1,local,1,"Wario Land II (USA, Europe) (SGB Enhanced) (GB Compatible)",5,"Wario Land II (USA, Europe) (SGB Enhanced) (GB Compatible)",0,
14226,~Hack~ Wario Land 3: The Master Quest,Hack,88,2,unmatched,0,,0,,0,
14356,Tony Hawk's Pro Skater,Official,12,1,local,1,"Tony Hawk's Pro Skater (USA, Europe)",5,"Tony Hawk's Pro Skater (USA, Europe)",0,
14431,~Hack~ Pokémon Crystal Kaizo,Hack,35,1,unmatched,0,,0,,0,
14606,~Homebrew~ Grimace's Birthday,Homebrew,19,5,local,5,"Grimace's Birthday (World) (v1.7) (Aftermarket) (Unl),Grimace's Birthday (World) (v1.3) (Aftermarket) (Unl),Grimace's Birthday (World) (v1.6) (Aftermarket) (Unl),Grimace's Birthday (World) (v1.4) (Aftermarket) (Unl),Grimace's Birthday (World) (v1.5) (Aftermarket) (Unl)",25,"Grimace's Birthday (World) (v1.7) (Aftermarket) (Unl),Grimace's Birthday (World) (v1.3) (Aftermarket) (Unl),Grimace's Birthday (World) (v1.6) (Aftermarket) (Unl),Grimace's Birthday (World) (v1.4) (Aftermarket) (Unl),Grimace's Birthday (World) (v1.5) (Aftermarket) (Unl)",0,
15449,One Piece: Yume no Luffy Kaizokudan Tanjou!,Official,96,3,local,2,"From TV Animation One Piece - Yume no Luffy Kaizokudan Tanjou! (Japan) (Rev 1) (SGB Enhanced) (GB Compatible),From TV Animation One Piece - Yume no Luffy Kaizokudan Tanjou! (Japan) (SGB Enhanced) (GB Compatible)",10,"From TV Animation One Piece - Yume no Luffy Kaizokudan Tanjou! (Japan) (Rev 1) (SGB Enhanced) (GB Compatible),From TV Animation One Piece - Yume no Luffy Kaizokudan Tanjou! (Japan) (SGB Enhanced) (GB Compatible)",0,
15592,~Prototype~ Sutte Hakkun GB,Prototype,16,2,local,1,Sutte Hakkun GB (Japan) (Proto) (SGB Enhanced) (GB Compatible),5,Sutte Hakkun GB (Japan) (Proto) (SGB Enhanced) (GB Compatible),0,
15635,Super Robot Pinball,Official,44,2,local,1,Super Robot Pinball (Japan),5,Super Robot Pinball (Japan),0,
15738,~Homebrew~ Tobu Tobu Girl Deluxe,Homebrew,28,1,local,1,Tobu Tobu Girl Deluxe (World) (GB Compatible) (Aftermarket) (Unl),5,Tobu Tobu Girl Deluxe (World) (GB Compatible) (Aftermarket) (Unl),0,
15925,Loppi Puzzle Magazine: Kangaeru Puzzle Soukangou,Official,10,2,local,2,"Loppi Puzzle Magazine - Kangaeru Puzzle Soukangou (Japan) (SGB Enhanced, GB Compatible) (NP),Loppi Puzzle Magazine - Kangaeru Puzzle Soukangou (Japan) (Rev 1) (SGB Enhanced, GB Compatible) (NP)",10,"Loppi Puzzle Magazine - Kangaeru Puzzle Soukangou (Japan) (SGB Enhanced, GB Compatible) (NP),Loppi Puzzle Magazine - Kangaeru Puzzle Soukangou (Japan) (Rev 1) (SGB Enhanced, GB Compatible) (NP)",0,
15926,Loppi Puzzle Magazine: Kangaeru Puzzle Dai-2-gou,Official,10,2,local,1,"Loppi Puzzle Magazine - Kangaeru Puzzle Dai-2-gou (Japan) (SGB Enhanced, GB Compatible) (NP)",5,"Loppi Puzzle Magazine - Kangaeru Puzzle Dai-2-gou (Japan) (SGB Enhanced, GB Compatible) (NP)",1,"Loppi Puzzle Magazine - Kangaeru Puzzle Dai-2-gou (Japan) (Rev 1) (SGB Enhanced, GB Compatible) (NP)"
15927,Loppi Puzzle Magazine: Kangaeru Puzzle Dai-3-gou,Official,10,2,local,2,"Loppi Puzzle Magazine - Kangaeru Puzzle Dai-3-gou (Japan) (Rev 1) (SGB Enhanced, GB Compatible) (NP),Loppi Puzzle Magazine - Kangaeru Puzzle Dai-3-gou (Japan) (SGB Enhanced, GB Compatible) (NP)",10,"Loppi Puzzle Magazine - Kangaeru Puzzle Dai-3-gou (Japan) (Rev 1) (SGB Enhanced, GB Compatible) (NP),Loppi Puzzle Magazine - Kangaeru Puzzle Dai-3-gou (Japan) (SGB Enhanced, GB Compatible) (NP)",0,
15928,Loppi Puzzle Magazine: Hirameku Puzzle Dai-2-gou,Official,8,2,local,2,"Loppi Puzzle Magazine - Hirameku Puzzle Dai-2-gou (Japan) (Rev 1) (SGB Enhanced, GB Compatible) (NP),Loppi Puzzle Magazine - Hirameku Puzzle Dai-2-gou (Japan) (SGB Enhanced, GB Compatible) (NP)",10,"Loppi Puzzle Magazine - Hirameku Puzzle Dai-2-gou (Japan) (Rev 1) (SGB Enhanced, GB Compatible) (NP),Loppi Puzzle Magazine - Hirameku Puzzle Dai-2-gou (Japan) (SGB Enhanced, GB Compatible) (NP)",0,
15929,Loppi Puzzle Magazine: Hirameku Puzzle Soukangou,Official,8,2,local,2,"Loppi Puzzle Magazine - Hirameku Puzzle Soukangou (Japan) (Rev 1) (SGB Enhanced, GB Compatible) (NP),Loppi Puzzle Magazine - Hirameku Puzzle Soukangou (Japan) (SGB Enhanced, GB Compatible) (NP)",10,"Loppi Puzzle Magazine - Hirameku Puzzle Soukangou (Japan) (Rev 1) (SGB Enhanced, GB Compatible) (NP),Loppi Puzzle Magazine - Hirameku Puzzle Soukangou (Japan) (SGB Enhanced, GB Compatible) (NP)",0,
15930,Loppi Puzzle Magazine: Hirameku Puzzle Dai-3-gou,Official,8,2,local,2,"Loppi Puzzle Magazine - Hirameku Puzzle Dai-3-gou (Japan) (Rev 1) (SGB Enhanced, GB Compatible) (NP),Loppi Puzzle Magazine - Hirameku Puzzle Dai-3-gou (Japan) (SGB Enhanced, GB Compatible) (NP)",10,"Loppi Puzzle Magazine - Hirameku Puzzle Dai-3-gou (Japan) (Rev 1) (SGB Enhanced, GB Compatible) (NP),Loppi Puzzle Magazine - Hirameku Puzzle Dai-3-gou (Japan) (SGB Enhanced, GB Compatible) (NP)",0,
15932,Keitai Denjuu Telefang: Power Version,Official,38,2,unmatched,0,,0,,0,
16089,Medarot 3: Kabuto Version,Official,149,4,local,1,Medarot 3 - Kabuto Version (Japan),5,Medarot 3 - Kabuto Version (Japan),0,
16090,Medarot 3: Kuwagata Version,Official,149,4,local,1,Medarot 3 - Kuwagata Version (Japan),5,Medarot 3 - Kuwagata Version (Japan),0,
16191,~Hack~ Pokémon Polished Crystal,Hack,173,2,unmatched,0,,0,,0,
16218,The Smurfs' Nightmare,Official,60,1,local,1,"Smurfs Nightmare, The (USA)",5,"Smurfs Nightmare, The (USA)",0,
16252,~Hack~ Pokémon Fool's Gold,Hack,124,1,unmatched,0,,0,,0,
16370,~Unlicensed~ Rockman 8,Unlicensed,7,2,nointro_db_only,0,,0,,1,Megaman X4 (Taiwan) (En) (Rumble Version) (Unl)
16386,~Homebrew~ Piecrust,Homebrew,12,1,local,1,Piecrust (World) (Unl),5,Piecrust (World) (Unl),0,
16595,~Hack~ Touhoumon Ordinary Version,Hack,52,1,unmatched,0,,0,,0,
16597,~Prototype~ Pokémon Picross,Prototype,17,3,local,1,Pokemon Picross (Japan) (Proto) (SGB Enhanced) (GB Compatible),5,Pokemon Picross (Japan) (Proto) (SGB Enhanced) (GB Compatible),0,
17031,~Unlicensed~ Matel Gear II,Unlicensed,20,2,nointro_db_only,0,,0,,2,"Hejin Zhuangbei II (Taiwan) (Unl),Matel Gear II (Taiwan) (En) (Unl)"
17358,~Hack~ Pokémon Orb Version,Hack,78,1,unmatched,0,,0,,0,
17359,Atlantis: The Lost Empire,Official,27,1,local,1,"Atlantis - The Lost Empire (Europe) (En,Es,It)",5,"Atlantis - The Lost Empire (Europe) (En,Es,It)",0,
17371,Tony Hawk's Pro Skater 2,Official,24,1,local,1,"Tony Hawk's Pro Skater 2 (USA, Europe)",5,"Tony Hawk's Pro Skater 2 (USA, Europe)",0,
17429,~Hack~ Pokémon Gold 97: Reforged | Pokémon Silver 97: Reforged,Hack,28,3,unmatched,0,,0,,0,
17522,Mobile Golf,Official,79,1,unmatched,0,,0,,0,
17575,Moorhuhn 2: Die Jagd geht weiter,Official,15,1,local,1,Moorhuhn 2 - Die Jagd geht weiter (Germany),5,Moorhuhn 2 - Die Jagd geht weiter (Germany),0,
17975,Das Geheimnis der Happy Hippo-Insel,Official,12,2,local,1,"Geheimnis der Happy Hippo-Insel, Das (Germany)",5,"Geheimnis der Happy Hippo-Insel, Das (Germany)",0,
18057,Shrek: Fairy Tale Freakdown,Official,20,1,local,1,"Shrek - Fairy Tale Freakdown (USA, Europe) (En,Fr,De,Es,It)",5,"Shrek - Fairy Tale Freakdown (USA, Europe) (En,Fr,De,Es,It)",0,
18258,~Hack~ Rick Astley: The Game,Hack,8,1,unmatched,0,,0,,0,
18593,Catz: Your Virtual Petz Palz,Official,63,2,local,2,"Catz (Europe),Catz (USA)",10,"Catz (Europe),Catz (USA)",0,
18594,Dancing Furby,Official,25,1,local,1,Dancing Furby (Japan) (GB Compatible),5,Dancing Furby (Japan) (GB Compatible),0,
18694,Roland Garros French Open,Official,41,1,local,1,"Roland Garros French Open (Europe) (En,Fr,De,Es,It,Nl)",5,"Roland Garros French Open (Europe) (En,Fr,De,Es,It,Nl)",0,
18696,Power Spike: Pro Beach Volleyball,Official,20,1,local,1,Power Spike - Pro Beach Volleyball (USA),5,Power Spike - Pro Beach Volleyball (USA),0,
18707,~Homebrew~ ~Demo~ Mina the Hollower GBC Demake,Homebrew/Demo,6,1,unmatched,0,,0,,0,
18811,~Homebrew~ Go Catch 'Em,Homebrew,29,1,unmatched,0,,0,,0,
18962,~Homebrew~ Opossum Country,Homebrew,6,1,local,1,Opossum Country (World) (GB Compatible) (Aftermarket) (Unl),5,Opossum Country (World) (GB Compatible) (Aftermarket) (Unl),0,
19541,~Homebrew~ Castlevania: Circle of the Moon - GBC Edition,Homebrew,7,1,dat_only,0,,5,"Castlevania Circle of the Moon GBC (World) (v2.0) (Demo) (Aftermarket) (Unl),Castlevania Circle of the Moon GBC (World) (v2.0) (Demo) (Aftermarket) (Pirate)",0,
19553,~Prototype~ Towers II: Plight of the Stargazer,Prototype,19,1,local,1,Towers II - Plight of the Stargazer (USA) (Proto 1) (2000-05-07),5,Towers II - Plight of the Stargazer (USA) (Proto 1) (2000-05-07),0,
19793,~Homebrew~ Bulb,Homebrew,28,1,local,1,,0,,0,
20026,Dragon Quest III: Soshite Densetsu e... [Subset - Gold Medals],Official,166,1,unmatched,0,,0,,0,
20036,~Homebrew~ Postie,Homebrew,6,1,local,1,Postie (World) (v1.1) (GB Compatible) (Aftermarket) (Unl),5,Postie (World) (v1.1) (GB Compatible) (Aftermarket) (Unl),0,
20088,McDonald's Monogatari: Honobono Tenchou Ikusei Game,Official,14,1,local,1,McDonald's Monogatari - Honobono Tenchou Ikusei Game (Japan),5,McDonald's Monogatari - Honobono Tenchou Ikusei Game (Japan),0,
20371,~Homebrew~ Super Jacked Up Tomato Face Johnson,Homebrew,14,1,local,1,Super Jacked Up Tomato Face Johnson (World) (v2.3) (Aftermarket) (Unl),5,Super Jacked Up Tomato Face Johnson (World) (v2.3) (Aftermarket) (Unl),0,
20498,Hugo: Black Diamond Fever,Official,16,1,local,1,"Hugo - Black Diamond Fever (Europe) (En,Fr,De,Es,It,Nl,Pt,Sv,No,Da,Fi)",5,"Hugo - Black Diamond Fever (Europe) (En,Fr,De,Es,It,Nl,Pt,Sv,No,Da,Fi)",0,
20559,~Homebrew~ Unearthed,Homebrew,45,1,local,1,,0,,1,Unearthed Zero (World) (2021-10-19) (2021 Jam Version) (GB Compatible) (Aftermarket) (Unl)
20610,~Homebrew~ Knights of the Zodiac: The Phoenix Returns,Homebrew,52,4,unmatched,0,,0,,0,
21528,Lucky Luke: Desperado Train,Official,35,1,local,1,"Lucky Luke - Desperado Train (Europe) (En,Fr,De,Es,It,Nl)",5,"Lucky Luke - Desperado Train (Europe) (En,Fr,De,Es,It,Nl)",0,
21745,Ultimate Fighting Championship,Official,19,1,local,1,Ultimate Fighting Championship (USA),5,Ultimate Fighting Championship (USA),0,
22124,~Homebrew~ Blinky's Revenge,Homebrew,6,1,local,1,Blinky's Revenge (World) (Aftermarket) (Unl),5,Blinky's Revenge (World) (Aftermarket) (Unl),0,
22137,"Gute Zeiten, Schlechte Zeiten: Quiz",Official,7,1,local,1,Gute Zeiten Schlechte Zeiten Quiz (Germany) (GB Compatible),5,Gute Zeiten Schlechte Zeiten Quiz (Germany) (GB Compatible),0,
22353,~Homebrew~ Hime's Quest,Homebrew,35,1,local,1,Hime's Quest (World) (Digital) (Aftermarket) (Unl),5,Hime's Quest (World) (Digital) (Aftermarket) (Unl),0,
22474,Bomberman Max: Ain Version,Official,41,1,local,1,Bomberman Max - Ain Version (Japan),5,Bomberman Max - Ain Version (Japan),0,
22589,~Homebrew~ A 20 Second Platformer,Homebrew,6,1,local,1,"20 Second Platformer, A (World) (v1.1) (GB Compatible) (Aftermarket) (Unl)",5,"20 Second Platformer, A (World) (v1.1) (GB Compatible) (Aftermarket) (Unl)",0,
22650,~Homebrew~ Repugnant Bounty,Homebrew,30,1,local,1,,0,,0,
22849,~Hack~ The Legend of Zelda: Archipelago,Hack,14,1,unmatched,0,,0,,0,
23793,Bomberman Max: Ain Version [Subset - Max Charabom Levels],Official,30,1,unmatched,0,,0,,0,
24006,~Homebrew~ Skinner & The Superintendent,Homebrew,10,2,unmatched,0,,0,,0,
24098,Stuart Little: The Journey Home,Official,16,1,local,1,"Stuart Little - The Journey Home (USA, Europe)",5,"Stuart Little - The Journey Home (USA, Europe)",0,
24117,~Homebrew~ TUNIC,Homebrew,10,1,unmatched,0,,0,,0,
24118,~Hack~ Pokémon Black and White 3: Genesis,Hack,56,1,unmatched,0,,0,,0,
24124,~Homebrew~ Slender: The 8 Pages,Homebrew,9,1,unmatched,0,,0,,0,
24140,Pokémon Crystal Version [Subset - Professor Oak Challenge],Official,224,1,unmatched,0,,0,,0,
24391,~Homebrew~ Retro Quiz Tower: JAM Edition,Homebrew,6,1,local,1,Retro Quiz Tower (World) (v1.2) (GB Compatible) (Aftermarket) (Unl),5,Retro Quiz Tower (World) (v1.2) (GB Compatible) (Aftermarket) (Unl),0,
24989,~Prototype~ Magi-Nation: Keeper's Quest,Prototype,118,1,local,1,Magi-Nation - Keeper's Quest (USA) (Proto),5,Magi-Nation - Keeper's Quest (USA) (Proto),0,
25072,~Hack~ Pokémon TCG Neo,Hack,23,1,unmatched,0,,0,,0,
25233,Space Invaders,Official,24,1,local,1,"Space Invaders (USA, Europe) (GB Compatible)",5,"Space Invaders (USA, Europe) (GB Compatible)",0,
25397,~Homebrew~ ~Prototype~ Five Nights at Freddy's,Homebrew/Prototype,9,1,unmatched,0,,0,,0,
25502,Wizardry Empire: Staff of Resurrection,Official,97,1,unmatched,0,,0,,0,
25633,Caterpillar Construction Zone [Subset - Speedrun],Official,26,1,unmatched,0,,0,,0,
25657,Pokémon Gold Version [Subset - Professor Oak Challenge],Official,217,1,unmatched,0,,0,,0,
25705,~Homebrew~ Bub-O Escape,Homebrew,20,1,local,1,,0,,0,
25708,~Homebrew~ Feed IT Souls,Homebrew,20,1,local,1,Feed IT Souls (World) (v1.4) (Aftermarket) (Unl),5,Feed IT Souls (World) (v1.4) (Aftermarket) (Unl),0,
25855,F1 Championship Season 2000,Official,55,1,local,1,"F1 Championship Season 2000 (Europe) (En,Fr,De,Es,It)",5,"F1 Championship Season 2000 (Europe) (En,Fr,De,Es,It)",0,
26179,~Homebrew~ Octopus Stressus,Homebrew,7,1,local,1,Octopus Stressus (World) (v1.1) (GB Compatible) (Aftermarket) (Unl),5,Octopus Stressus (World) (v1.1) (GB Compatible) (Aftermarket) (Unl),0,
26399,Käpt'n Blaubär: Die verrückte Schatzsuche,Official,18,1,local,1,Kaept'n Blaubaer - Die verrueckte Schatzsuche (Germany),5,Kaept'n Blaubaer - Die verrueckte Schatzsuche (Germany),0,
26513,Tonic Trouble,Official,25,1,local,1,"Tonic Trouble (Europe) (En,Fr,De,Es,It,Nl)",5,"Tonic Trouble (Europe) (En,Fr,De,Es,It,Nl)",0,
26515,Janosch: Das große Panama Spiel,Official,17,1,local,1,Janosch - Das grosse Panama-Spiel (Germany),5,Janosch - Das grosse Panama-Spiel (Germany),0,
26558,Oha Suta Dance Dance Revolution GB,Official,29,1,local,1,Ohasuta Dance Dance Revolution GB (Japan),5,Ohasuta Dance Dance Revolution GB (Japan),0,
26734,~Homebrew~ Dangan GB2,Homebrew,28,1,dat_only,0,,5,Dangan GB2 (World) (Aftermarket) (Unl),0,
27310,Snoopy Tennis,Official,44,1,local,1,"Snoopy Tennis (Europe) (En,Fr,De,Es,It,Nl)",5,"Snoopy Tennis (Europe) (En,Fr,De,Es,It,Nl)",0,
27581,Pocket Hanafuda,Official,28,1,local,1,Pocket Hanafuda (Japan),5,Pocket Hanafuda (Japan),0,
28141,~Homebrew~ Frasier Fantasy,Homebrew,25,1,unmatched,0,,0,,0,
28166,~Homebrew~ Super Doggo WOW WAN,Homebrew,16,1,unmatched,0,,0,,0,
28190,~Homebrew~ The Mandalorian - Chapter 3: The Sin,Homebrew,10,1,unmatched,0,,0,,0,
28238,~Homebrew~ The Mist,Homebrew,12,1,unmatched,0,,0,,0,
28271,Frogger 2,Official,20,1,local,1,Frogger 2 (USA) (Rev 1),5,Frogger 2 (USA) (Rev 1),0,
28352,~Homebrew~ Postman Pat's Trail Game,Homebrew,7,1,local,1,Postman Pat's Trail Game (World) (Aftermarket) (Unl),5,Postman Pat's Trail Game (World) (Aftermarket) (Unl),0,
28383,~Homebrew~ Remote Control Shuriken,Homebrew,6,1,unmatched,0,,0,,0,
28609,~Homebrew~ Invasion of the Geminorons,Homebrew,11,1,local,1,,0,,0,
28642,The New Addams Family Series,Official,17,1,local,1,"New Addams Family Series, The (Europe) (En,Fr,De,Es,It,Pt)",5,"New Addams Family Series, The (Europe) (En,Fr,De,Es,It,Pt)",0,
28796,~Homebrew~ Days Without,Homebrew,8,1,unmatched,0,,0,,0,
29047,~Homebrew~ Hollow Knight Silksong,Homebrew,16,1,unmatched,0,,0,,0,
29152,~Homebrew~ The Mayor of Sanctuary,Homebrew,24,1,local,1,,0,,0,
29578,Trip World DX,Official,35,1,local,1,Trip World DX (World) (Limited Run Games),5,Trip World DX (World) (Limited Run Games),0,
29582,Extreme Sports with the Berenstain Bears,Official,18,1,local,1,"Extreme Sports with the Berenstain Bears (USA, Europe) (En,Fr,De,Es,It)",5,"Extreme Sports with the Berenstain Bears (USA, Europe) (En,Fr,De,Es,It)",0,
29687,~Homebrew~ The Best Text Adventure,Homebrew,9,1,unmatched,0,,0,,0,
29774,~Homebrew~ Borbo's Quest,Homebrew,9,1,local,1,Borbo's Quest (World) (GB Compatible) (Aftermarket) (Unl),5,Borbo's Quest (World) (GB Compatible) (Aftermarket) (Unl),0,
29775,~Homebrew~ Wishing Sarah,Homebrew,21,2,unmatched,0,,0,,0,
29790,~Homebrew~ My Saturday Grounded,Homebrew,6,1,unmatched,0,,0,,0,
29960,~Homebrew~ Pine Creek,Homebrew,23,1,local,1,,0,,0,
30128,~Homebrew~ Enceladus,Homebrew,7,1,unmatched,0,,0,,0,
30712,Kinniku Banzuke GB: Chousensha wa Kimida!,Official,19,1,local,1,Kinniku Banzuke GB - Chousensha wa Kimida! (Japan) (SGB Enhanced) (GB Compatible),5,Kinniku Banzuke GB - Chousensha wa Kimida! (Japan) (SGB Enhanced) (GB Compatible),0,
30719,~Homebrew~ Super Dassalo Land,Homebrew,14,1,local,1,Super Dassalo Land (World) (v1.1) (Aftermarket) (Unl),5,Super Dassalo Land (World) (v1.1) (Aftermarket) (Unl),0,
30725,~Homebrew~ Hatsune Miku Bomb Squad,Homebrew,6,1,unmatched,0,,0,,0,
30726,~Homebrew~ MAGE and the Grimoire of BEAST,Homebrew,16,1,local,1,Mage and the Grimoire of Beast (World) (En) (v1.01) (GB Compatible) (Aftermarket) (Unl),5,Mage and the Grimoire of Beast (World) (En) (v1.01) (GB Compatible) (Aftermarket) (Unl),0,
30764,~Homebrew~ SWORDSMAN on the ETERNAL JOURNEY,Homebrew,26,1,local,1,"Swordsman on the Eternal Journey (World) (En,Ja) (v1.01) (GB Compatible) (Aftermarket) (Unl)",5,"Swordsman on the Eternal Journey (World) (En,Ja) (v1.01) (GB Compatible) (Aftermarket) (Unl)",0,
30765,~Homebrew~ Rezal,Homebrew,6,1,unmatched,0,,0,,0,
30820,~Homebrew~ FIGHTER on the Path of GLORY,Homebrew,12,1,local,1,"Fighter on the Path of Glory (World) (En,Ja) (v1.00) (GB Compatible) (Aftermarket) (Unl)",5,"Fighter on the Path of Glory (World) (En,Ja) (v1.00) (GB Compatible) (Aftermarket) (Unl)",0,
30882,~Homebrew~ Little Dungeon Renovator,Homebrew,19,1,unmatched,0,,0,,0,
30896,~Homebrew~ Karpe Diem: Pokémon Fishing Contest,Homebrew,6,1,unmatched,0,,0,,0,
30935,~Homebrew~ Noble Blood,Homebrew,8,1,unmatched,0,,0,,0,
30985,Sylvanian Melodies: Mori no Nakama to Odori Masho!,Official,31,2,local,1,Sylvanian Melodies - Mori no Nakama to Odori Masho! (Japan) (SGB Enhanced) (GB Compatible),5,Sylvanian Melodies - Mori no Nakama to Odori Masho! (Japan) (SGB Enhanced) (GB Compatible),0,
31200,~Homebrew~ Super Mario Bros. Mini,Homebrew,75,1,dat_only,0,,5,Super Mario Bros Mini (World) (v2.0.8) (GB Compatible) (Aftermarket) (Unl),0,
31323,~Homebrew~ G-ZERO World GP,Homebrew,40,1,dat_only,0,,5,G-ZERO World GP (World) (Aftermarket) (Unl),0,
31330,~Unlicensed~ Final Fantasy IX,Unlicensed,12,2,local,1,Taikong Zhanshi DX3 - Zuizhong Huanxiang (Taiwan) (Unl),5,Taikong Zhanshi DX3 - Zuizhong Huanxiang (Taiwan) (Unl),1,Taikong Zhanshi DX3 - Zuizhong Huanxiang (Taiwan) (Unl)
31934,~Homebrew~ Combo Fishing,Homebrew,35,1,unmatched,0,,0,,0,
31955,~Homebrew~ ~Demo~ The New Adventures of Sonic the Hedgehog,Homebrew/Demo,16,1,unmatched,0,,0,,0,
31974,~Homebrew~ Date with Falco,Homebrew,10,1,unmatched,0,,0,,0,
31975,~Homebrew~ The Melting Apartment,Homebrew,13,1,unmatched,0,,0,,0,
32004,~Homebrew~ Taiyaki Fabulous Museum of Fish,Homebrew,33,1,dat_only,0,,4,Taiyaki Fabulous Museum of Fish (World) (v1.4.2) (SGB Enhanced) (GB Compatible) (Aftermarket) (Unl),0,
32384,~Hack~ Digimon Adventure TCG Remastered,Hack,48,1,unmatched,0,,0,,0,
32799,Deer Hunter,Official,13,1,local,1,Deer Hunter (USA),5,Deer Hunter (USA),0,
32817,~Homebrew~ Inventory Full,Homebrew,8,1,unmatched,0,,0,,0,
33108,~Homebrew~ What Friends Are For,Homebrew,10,1,local,1,What Friends Are For (World) (v2.0) (GB Compatible) (Aftermarket) (Unl),5,What Friends Are For (World) (v2.0) (GB Compatible) (Aftermarket) (Unl),0,
33405,~Homebrew~ Touhou Pocket Festival: Show of Scale,Homebrew,7,1,unmatched,0,,0,,0,
33493,~Homebrew~ Dashosaur DX,Homebrew,9,1,dat_only,0,,5,Dashosaur DX (World) (v1.0.1) (GB Compatible) (Aftermarket) (Unl),0,
33577,~Homebrew~ Fable: 20th Anniversary Demake,Homebrew,6,1,unmatched,0,,0,,0,
33630,~Homebrew~ POCKET OF HORROR,Homebrew,21,1,unmatched,0,,0,,0,
33642,~Homebrew~ TV-Chan's Great Escape!: GB,Homebrew,7,1,unmatched,0,,0,,0,
33660,~Homebrew~ Oshinui Tune,Homebrew,14,1,dat_only,0,,1,"Oshinui Tune (World) (En,Ja) (v1.0.3) (GB Compatible) (Aftermarket) (Unl)",0,
35915,~Homebrew~ Cardinal Island,Homebrew,28,2,unmatched,0,,0,,0,
36680,Ready 2 Rumble Boxing,Official,13,2,local,2,"Ready 2 Rumble Boxing (Europe),Ready 2 Rumble Boxing (USA) (Rumble Version)",10,"Ready 2 Rumble Boxing (Europe),Ready 2 Rumble Boxing (USA) (Rumble Version)",0,
38014,~Homebrew~ Walfie's Nonograms,Homebrew,31,1,dat_only,0,,5,Walfie's Nonograms (World) (v1.1.0) (GB Compatible) (Aftermarket) (Unl),0,
38109,~Homebrew~ Masturbrowse SX,Homebrew,25,1,unmatched,0,,0,,0,
38159,~Homebrew~ Akumanor Gaiden DX,Homebrew,19,1,unmatched,0,,0,,0,
38165,~Unlicensed~ Final Fantasy X: Fantasy War,Unlicensed,23,1,local,1,Taikong Zhanshi X - Fantasy War (Taiwan) (Unl),5,Taikong Zhanshi X - Fantasy War (Taiwan) (Unl),0,
38207,~Hack~ Crystal Clear [Subset - Perfect Pokémon+],Hack,239,1,unmatched,0,,0,,0,
38232,~Homebrew~ The Pazaak Battles,Homebrew,14,1,unmatched,0,,0,,0,
38492,~Homebrew~ Double Duck,Homebrew,23,1,unmatched,0,,0,,0,
38665,Yu-Gi-Oh! Duel Monsters II: Dark Duel Stories [Subset - Rare Card Drops],Official,84,1,unmatched,0,,0,,0,
41177,~Homebrew~ ~Prototype~ Fear & Hunger: GameBoy Color Demake,Homebrew/Prototype,28,1,unmatched,0,,0,,0,
41264,~Homebrew~ Loveless Losers,Homebrew,14,1,unmatched,0,,0,,0,
41277,Dragon Quest Monsters 2: Tara's Adventure,Official,86,1,local,1,Dragon Warrior Monsters 2 - Tara's Adventure (USA) (SGB Enhanced) (GB Compatible),5,Dragon Warrior Monsters 2 - Tara's Adventure (USA) (SGB Enhanced) (GB Compatible),0,
41827,~Homebrew~ ~Demo~ Submachine GBC,Homebrew/Demo,7,1,unmatched,0,,0,,0,
42740,~Homebrew~ Ao Oni,Homebrew,6,1,unmatched,0,,0,,0,
42846,~Homebrew~ Yume Tenshi,Homebrew,50,1,unmatched,0,,0,,0,
