ra_game_id,title,category,achievements,status,dat_games,nointro_db_titles
38014,~Homebrew~ Walfie's Nonograms,Homebrew,31,dat_only,Walfie's Nonograms (World) (v1.1.0) (GB Compatible) (Aftermarket) (Unl),
38207,~Hack~ Crystal Clear [Subset - Perfect Pokémon+],Hack,239,unmatched,,
32384,~Hack~ Digimon Adventure TCG Remastered,Hack,48,unmatched,,
16191,~Hack~ Pokémon Polished Crystal,Hack,173,unmatched,,
38159,~Homebrew~ Akumanor Gaiden DX,Homebrew,19,unmatched,,
42740,~Homebrew~ Ao Oni,Homebrew,6,unmatched,,
31934,~Homebrew~ Combo Fishing,Homebrew,35,unmatched,,
38492,~Homebrew~ Double Duck,Homebrew,23,unmatched,,
30882,~Homebrew~ Little Dungeon Renovator,Homebrew,19,unmatched,,
41264,~Homebrew~ Loveless Losers,Homebrew,14,unmatched,,
38109,~Homebrew~ Masturbrowse SX,Homebrew,25,unmatched,,
33642,~Homebrew~ TV-Chan's Great Escape!: GB,Homebrew,7,unmatched,,
38232,~Homebrew~ The Pazaak Battles,Homebrew,14,unmatched,,
42846,~Homebrew~ Yume Tenshi,Homebrew,50,unmatched,,
41827,~Homebrew~ ~Demo~ Submachine GBC,Homebrew/Demo,7,unmatched,,
41177,~Homebrew~ ~Prototype~ Fear & Hunger: GameBoy Color Demake,Homebrew/Prototype,28,unmatched,,
38665,Yu-Gi-Oh! Duel Monsters II: Dark Duel Stories [Subset - Rare Card Drops],Official,84,unmatched,,
